x/y;90.00 speed;90.00 dir;88.99 speed;88.99 dir;87.98 speed;87.98 dir;86.97 speed;86.97 dir;85.96 speed;85.96 dir;84.94 speed;84.94 dir;83.93 speed;83.93 dir;82.92 speed;82.92 dir;81.91 speed;81.91 dir;80.90 speed;80.90 dir;79.89 speed;79.89 dir;78.88 speed;78.88 dir;77.87 speed;77.87 dir;76.85 speed;76.85 dir;75.84 speed;75.84 dir;74.83 speed;74.83 dir;73.82 speed;73.82 dir;72.81 speed;72.81 dir;71.80 speed;71.80 dir;70.79 speed;70.79 dir;69.78 speed;69.78 dir;68.76 speed;68.76 dir;67.75 speed;67.75 dir;66.74 speed;66.74 dir;65.73 speed;65.73 dir;64.72 speed;64.72 dir;63.71 speed;63.71 dir;62.70 speed;62.70 dir;61.69 speed;61.69 dir;60.67 speed;60.67 dir;59.66 speed;59.66 dir;58.65 speed;58.65 dir;57.64 speed;57.64 dir;56.63 speed;56.63 dir;55.62 speed;55.62 dir;54.61 speed;54.61 dir;53.60 speed;53.60 dir;52.58 speed;52.58 dir;51.57 speed;51.57 dir;50.56 speed;50.56 dir;49.55 speed;49.55 dir;48.54 speed;48.54 dir;47.53 speed;47.53 dir;46.52 speed;46.52 dir;45.51 speed;45.51 dir;44.49 speed;44.49 dir;43.48 speed;43.48 dir;42.47 speed;42.47 dir;41.46 speed;41.46 dir;40.45 speed;40.45 dir;39.44 speed;39.44 dir;38.43 speed;38.43 dir;37.42 speed;37.42 dir;36.40 speed;36.40 dir;35.39 speed;35.39 dir;34.38 speed;34.38 dir;33.37 speed;33.37 dir;32.36 speed;32.36 dir;31.35 speed;31.35 dir;30.34 speed;30.34 dir;29.33 speed;29.33 dir;28.31 speed;28.31 dir;27.30 speed;27.30 dir;26.29 speed;26.29 dir;25.28 speed;25.28 dir;24.27 speed;24.27 dir;23.26 speed;23.26 dir;22.25 speed;22.25 dir;21.24 speed;21.24 dir;20.22 speed;20.22 dir;19.21 speed;19.21 dir;18.20 speed;18.20 dir;17.19 speed;17.19 dir;16.18 speed;16.18 dir;15.17 speed;15.17 dir;14.16 speed;14.16 dir;13.15 speed;13.15 dir;12.13 speed;12.13 dir;11.12 speed;11.12 dir;10.11 speed;10.11 dir;9.10 speed;9.10 dir;8.09 speed;8.09 dir;7.08 speed;7.08 dir;6.07 speed;6.07 dir;5.06 speed;5.06 dir;4.04 speed;4.04 dir;3.03 speed;3.03 dir;2.02 speed;2.02 dir;1.01 speed;1.01 dir;0.00 speed;0.00 dir
0.00;145.60;SW;146.96;SW;148.29;SW;149.59;SW;150.86;SW;152.09;SW;153.29;SW;154.45;SW;155.58;SW;156.67;SW;157.72;SW;158.73;SW;159.71;SW;160.64;S;161.53;S;162.38;S;163.19;S;163.95;S;164.67;S;165.34;S;165.97;S;166.56;S;167.10;S;167.59;S;168.04;S;168.45;S;168.80;S;169.11;S;169.38;S;169.60;S;169.77;S;169.89;S;169.97;S;170.01;S;169.99;S;169.93;S;169.82;S;169.67;S;169.47;S;169.22;S;168.93;S;168.59;S;168.20;S;167.77;S;167.29;S;166.77;S;166.20;S;165.59;S;164.93;S;164.23;S;163.48;S;162.69;S;161.86;S;160.98;S;160.07;SE;159.11;SE;158.11;SE;157.07;SE;156.00;SE;154.88;SE;153.73;SE;152.55;SE;151.33;SE;150.07;SE;148.79;SE;147.47;SE;146.12;SE;144.75;SE;143.34;SE;141.91;SE;140.46;SE;138.98;SE;137.48;SE;135.96;SE;134.42;SE;132.87;SE;131.29;SE;129.70;SE;128.10;SE;126.49;SE;124.86;SE;123.23;SE;121.58;SE;119.93;SE;118.27;SE;116.61;SE;114.95;SE;113.28;SE;111.61;SE;109.94;SE
1.01;147.66;SW;149.04;SW;150.39;SW;151.70;SW;152.99;SW;154.24;SW;155.45;SW;156.63;SW;157.77;SW;158.87;SW;159.94;SW;160.96;SW;161.94;SW;162.88;S;163.78;S;164.64;S;165.45;S;166.22;S;166.95;S;167.63;S;168.26;S;168.85;S;169.39;S;169.89;S;170.34;S;170.75;S;171.11;S;171.42;S;171.68;S;171.90;S;172.08;S;172.20;S;172.28;S;172.31;S;172.30;S;172.24;S;172.13;S;171.97;S;171.77;S;171.52;S;171.23;S;170.89;S;170.50;S;170.07;S;169.59;S;169.06;S;168.49;S;167.87;S;167.21;S;166.50;S;165.75;S;164.95;S;164.11;S;163.23;S;162.30;SE;161.34;SE;160.33;SE;159.28;SE;158.19;SE;157.06;SE;155.90;SE;154.70;SE;153.46;SE;152.19;SE;150.89;SE;149.55;SE;148.19;SE;146.79;SE;145.37;SE;143.92;SE;142.44;SE;140.94;SE;139.42;SE;137.88;SE;136.31;SE;134.73;SE;133.13;SE;131.52;SE;129.89;SE;128.25;SE;126.60;SE;124.94;SE;123.26;SE;121.59;SE;119.90;SE;118.21;SE;116.52;SE;114.83;SE;113.13;SE;111.43;SE
2.02;149.71;SW;151.10;SW;152.47;SW;153.80;SW;155.10;SW;156.37;SW;157.59;SW;158.78;SW;159.94;SW;161.05;SW;162.13;SW;163.16;SW;164.15;SW;165.10;SW;166.01;S;166.87;S;167.69;S;168.46;S;169.19;S;169.88;S;170.51;S;171.11;S;171.65;S;172.15;S;172.60;S;173.01;S;173.37;S;173.68;S;173.95;S;174.17;S;174.34;S;174.47;S;174.54;S;174.58;S;174.56;S;174.50;S;174.39;S;174.24;S;174.04;S;173.79;S;173.49;S;173.15;S;172.76;S;172.33;S;171.85;S;171.32;S;170.74;S;170.12;S;169.46;S;168.74;S;167.99;S;167.19;S;166.34;S;165.45;S;164.52;SE;163.54;SE;162.52;SE;161.46;SE;160.36;SE;159.23;SE;158.05;SE;156.83;SE;155.58;SE;154.30;SE;152.98;SE;151.62;SE;150.24;SE;148.83;SE;147.38;SE;145.91;SE;144.41;SE;142.89;SE;141.35;SE;139.78;SE;138.19;SE;136.59;SE;134.96;SE;133.33;SE;131.67;SE;130.00;SE;128.33;SE;126.64;SE;124.94;SE;123.23;SE;121.52;SE;119.81;SE;118.09;SE;116.36;SE;114.64;SE;112.92;SE
3.03;151.74;SW;153.15;SW;154.53;SW;155.88;SW;157.20;SW;158.47;SW;159.72;SW;160.92;SW;162.08;SW;163.21;SW;164.29;SW;165.33;SW;166.33;SW;167.29;SW;168.20;S;169.07;S;169.89;S;170.67;S;171.40;S;172.09;S;172.73;S;173.32;S;173.87;S;174.37;S;174.82;S;175.23;S;175.59;S;175.90;S;176.17;S;176.39;S;176.56;S;176.68;S;176.76;S;176.80;S;176.78;S;176.72;S;176.61;S;176.46;S;176.26;S;176.01;S;175.71;S;175.37;S;174.98;S;174.55;S;174.06;S;173.53;S;172.96;S;172.34;S;171.67;S;170.95;S;170.19;S;169.39;S;168.54;S;167.64;SE;166.70;SE;165.72;SE;164.69;SE;163.62;SE;162.51;SE;161.36;SE;160.18;SE;158.95;SE;157.68;SE;156.38;SE;155.05;SE;153.68;SE;152.28;SE;150.84;SE;149.38;SE;147.89;SE;146.37;SE;144.83;SE;143.26;SE;141.67;SE;140.06;SE;138.43;SE;136.79;SE;135.12;SE;133.44;SE;131.75;SE;130.05;SE;128.33;SE;126.61;SE;124.87;SE;123.14;SE;121.39;SE;119.64;SE;117.89;SE;116.14;SE;114.39;SE
4.04;153.75;SW;155.18;SW;156.58;SW;157.94;SW;159.27;SW;160.56;SW;161.81;SW;163.03;SW;164.20;SW;165.34;SW;166.43;SW;167.48;SW;168.48;SW;169.44;SW;170.36;SW;171.23;S;172.06;S;172.84;S;173.57;S;174.26;S;174.90;S;175.49;S;176.04;S;176.54;S;176.99;S;177.40;S;177.76;S;178.07;S;178.33;S;178.55;S;178.72;S;178.85;S;178.93;S;178.96;S;178.95;S;178.88;S;178.78;S;178.62;S;178.42;S;178.17;S;177.88;S;177.54;S;177.15;S;176.72;S;176.23;S;175.71;S;175.13;S;174.51;S;173.84;S;173.12;S;172.36;S;171.55;S;170.70;S;169.80;SE;168.85;SE;167.86;SE;166.83;SE;165.75;SE;164.64;SE;163.48;SE;162.28;SE;161.04;SE;159.76;SE;158.45;SE;157.10;SE;155.71;SE;154.29;SE;152.84;SE;151.36;SE;149.85;SE;148.32;SE;146.75;SE;145.16;SE;143.55;SE;141.92;SE;140.27;SE;138.60;SE;136.91;SE;135.20;SE;133.49;SE;131.75;SE;130.01;SE;128.26;SE;126.50;SE;124.74;SE;122.97;SE;121.19;SE;119.42;SE;117.64;SE;115.86;SE
5.06;155.74;SW;157.19;SW;158.60;SW;159.98;SW;161.32;SW;162.62;SW;163.88;SW;165.11;SW;166.29;SW;167.43;SW;168.53;SW;169.59;SW;170.60;SW;171.56;SW;172.48;SW;173.36;S;174.18;S;174.96;S;175.70;S;176.38;S;177.02;S;177.62;S;178.16;S;178.66;S;179.11;S;179.51;S;179.87;S;180.18;S;180.44;S;180.66;S;180.83;S;180.96;S;181.03;S;181.07;S;181.05;S;180.99;S;180.88;S;180.73;S;180.53;S;180.29;S;179.99;S;179.65;S;179.27;S;178.84;S;178.36;S;177.83;S;177.25;S;176.63;S;175.96;S;175.25;S;174.48;S;173.67;S;172.82;SE;171.92;SE;170.97;SE;169.97;SE;168.94;SE;167.85;SE;166.73;SE;165.56;SE;164.35;SE;163.10;SE;161.81;SE;160.49;SE;159.12;SE;157.72;SE;156.29;SE;154.82;SE;153.33;SE;151.80;SE;150.24;SE;148.66;SE;147.05;SE;145.42;SE;143.76;SE;142.09;SE;140.39;SE;138.68;SE;136.95;SE;135.21;SE;133.45;SE;131.69;SE;129.91;SE;128.12;SE;126.33;SE;124.53;SE;122.73;SE;120.93;SE;119.12;SE;117.32;SE
6.07;157.71;SW;159.17;SW;160.60;SW;161.99;SW;163.34;SW;164.65;SW;165.93;SW;167.16;SW;168.35;SW;169.50;SW;170.60;SW;171.66;SW;172.67;SW;173.64;SW;174.56;SW;175.43;S;176.26;S;177.04;S;177.77;S;178.46;S;179.10;S;179.68;S;180.23;S;180.72;S;181.17;S;181.57;S;181.92;S;182.23;S;182.49;S;182.71;S;182.87;S;183.00;S;183.07;S;183.11;S;183.09;S;183.03;S;182.93;S;182.77;S;182.58;S;182.33;S;182.04;S;181.71;S;181.33;S;180.90;S;180.42;S;179.90;S;179.32;S;178.70;S;178.04;S;177.32;S;176.56;S;175.75;S;174.90;SE;173.99;SE;173.04;SE;172.05;SE;171.01;SE;169.92;SE;168.79;SE;167.61;SE;166.40;SE;165.14;SE;163.84;SE;162.50;SE;161.13;SE;159.71;SE;158.27;SE;156.78;SE;155.27;SE;153.72;SE;152.15;SE;150.55;SE;148.92;SE;147.26;SE;145.59;SE;143.89;SE;142.17;SE;140.44;SE;138.68;SE;136.92;SE;135.14;SE;133.34;SE;131.54;SE;129.73;SE;127.91;SE;126.09;SE;124.26;SE;122.43;SE;120.60;SE;118.77;SE
7.08;159.65;SW;161.13;SW;162.57;SW;163.97;SW;165.33;SW;166.65;SW;167.93;SW;169.17;SW;170.37;SW;171.52;SW;172.63;SW;173.69;SW;174.70;SW;175.67;SW;176.59;SW;177.46;SW;178.29;S;179.07;S;179.79;S;180.48;S;181.11;S;181.69;S;182.23;S;182.72;S;183.16;S;183.56;S;183.91;S;184.21;S;184.47;S;184.68;S;184.84;S;184.97;S;185.04;S;185.07;S;185.06;S;185.00;S;184.90;S;184.75;S;184.55;S;184.31;S;184.03;S;183.69;S;183.32;S;182.89;S;182.42;S;181.90;S;181.33;S;180.72;S;180.06;S;179.35;S;178.59;S;177.78;SE;176.93;SE;176.02;SE;175.07;SE;174.08;SE;173.03;SE;171.94;SE;170.81;SE;169.63;SE;168.41;SE;167.14;SE;165.83;SE;164.49;SE;163.10;SE;161.68;SE;160.21;SE;158.72;SE;157.19;SE;155.63;SE;154.03;SE;152.41;SE;150.77;SE;149.09;SE;147.39;SE;145.68;SE;143.94;SE;142.18;SE;140.40;SE;138.61;SE;136.81;SE;134.99;SE;133.16;SE;131.32;SE;129.48;SE;127.63;SE;125.78;SE;123.92;SE;122.06;SE;120.20;SE
8.09;161.57;SW;163.06;SW;164.51;SW;165.92;SW;167.29;SW;168.62;SW;169.91;SW;171.15;SW;172.35;SW;173.50;SW;174.61;SW;175.67;SW;176.69;SW;177.65;SW;178.57;SW;179.44;SW;180.26;S;181.03;S;181.76;S;182.43;S;183.06;S;183.63;S;184.16;S;184.65;S;185.08;S;185.47;S;185.81;S;186.11;S;186.36;S;186.57;S;186.74;S;186.85;S;186.93;S;186.96;S;186.94;S;186.89;S;186.79;S;186.64;S;186.45;S;186.21;S;185.93;S;185.61;S;185.23;S;184.82;S;184.35;S;183.84;S;183.28;S;182.67;S;182.02;S;181.31;S;180.56;S;179.76;SE;178.91;SE;178.01;SE;177.06;SE;176.06;SE;175.02;SE;173.93;SE;172.79;SE;171.61;SE;170.38;SE;169.11;SE;167.80;SE;166.44;SE;165.04;SE;163.61;SE;162.13;SE;160.63;SE;159.08;SE;157.50;SE;155.90;SE;154.26;SE;152.59;SE;150.90;SE;149.18;SE;147.44;SE;145.68;SE;143.90;SE;142.10;SE;140.29;SE;138.46;SE;136.62;SE;134.76;SE;132.90;SE;131.03;SE;129.16;SE;127.28;SE;125.40;SE;123.51;SE;121.63;SE
9.10;163.45;SW;164.95;SW;166.41;SW;167.83;SW;169.21;SW;170.55;SW;171.84;SW;173.09;SW;174.29;SW;175.44;SW;176.55;SW;177.61;SW;178.62;SW;179.58;SW;180.49;SW;181.36;SW;182.17;SW;182.94;S;183.65;S;184.32;S;184.93;S;185.50;S;186.02;S;186.50;S;186.92;S;187.31;S;187.64;S;187.93;S;188.18;S;188.38;S;188.54;S;188.65;S;188.73;S;188.76;S;188.74;S;188.69;S;188.59;S;188.45;S;188.26;S;188.03;S;187.76;S;187.44;S;187.07;S;186.66;S;186.21;S;185.70;S;185.15;S;184.55;S;183.91;S;183.21;S;182.47;S;181.67;SE;180.83;SE;179.93;SE;178.99;SE;178.00;SE;176.96;SE;175.87;SE;174.73;SE;173.55;SE;172.32;SE;171.04;SE;169.72;SE;168.36;SE;166.95;SE;165.51;SE;164.03;SE;162.50;SE;160.95;SE;159.36;SE;157.73;SE;156.08;SE;154.39;SE;152.68;SE;150.95;SE;149.19;SE;147.41;SE;145.60;SE;143.78;SE;141.94;SE;140.09;SE;138.23;SE;136.35;SE;134.47;SE;132.57;SE;130.67;SE;128.76;SE;126.86;SE;124.95;SE;123.03;SE
10.11;165.31;SW;166.82;SW;168.28;SW;169.71;SW;171.09;SW;172.43;SW;173.73;SW;174.98;SW;176.18;SW;177.33;SW;178.44;SW;179.49;SW;180.50;SW;181.45;SW;182.36;SW;183.21;SW;184.02;SW;184.77;S;185.47;S;186.13;S;186.73;S;187.29;S;187.80;S;188.26;S;188.68;S;189.05;S;189.38;S;189.66;S;189.90;S;190.09;S;190.25;S;190.36;S;190.43;S;190.46;S;190.45;S;190.39;S;190.30;S;190.16;S;189.98;S;189.76;S;189.49;S;189.18;S;188.83;S;188.43;S;187.98;S;187.49;S;186.95;S;186.36;S;185.73;S;185.04;S;184.31;SE;183.52;SE;182.69;SE;181.80;SE;180.86;SE;179.88;SE;178.84;SE;177.76;SE;176.62;SE;175.44;SE;174.21;SE;172.93;SE;171.61;SE;170.24;SE;168.83;SE;167.38;SE;165.88;SE;164.35;SE;162.78;SE;161.18;SE;159.54;SE;157.87;SE;156.17;SE;154.44;SE;152.69;SE;150.91;SE;149.11;SE;147.28;SE;145.44;SE;143.58;SE;141.71;SE;139.82;SE;137.92;SE;136.01;SE;134.09;SE;132.17;SE;130.23;SE;128.30;SE;126.36;SE;124.43;SE
11.12;167.13;SW;168.64;SW;170.12;SW;171.55;SW;172.94;SW;174.28;SW;175.57;SW;176.82;SW;178.02;SW;179.17;SW;180.27;SW;181.32;SW;182.31;SW;183.26;SW;184.15;SW;185.00;SW;185.79;SW;186.53;SW;187.22;S;187.86;S;188.45;S;189.00;S;189.49;S;189.94;S;190.34;S;190.70;S;191.02;S;191.29;S;191.52;S;191.71;S;191.85;S;191.96;S;192.03;S;192.05;S;192.04;S;191.99;S;191.90;S;191.77;S;191.59;S;191.38;S;191.12;S;190.83;S;190.48;S;190.10;S;189.67;S;189.19;S;188.66;S;188.09;S;187.47;S;186.80;S;186.07;SE;185.30;SE;184.48;SE;183.60;SE;182.68;SE;181.70;SE;180.67;SE;179.59;SE;178.46;SE;177.28;SE;176.05;SE;174.77;SE;173.45;SE;172.08;SE;170.66;SE;169.21;SE;167.71;SE;166.17;SE;164.59;SE;162.97;SE;161.32;SE;159.64;SE;157.92;SE;156.18;SE;154.41;SE;152.61;SE;150.79;SE;148.94;SE;147.08;SE;145.20;SE;143.30;SE;141.39;SE;139.47;SE;137.53;SE;135.59;SE;133.64;SE;131.69;SE;129.73;SE;127.77;SE;125.80;SE
12.13;168.91;SW;170.43;SW;171.91;SW;173.35;SW;174.73;SW;176.08;SW;177.37;SW;178.61;SW;179.81;SW;180.95;SW;182.04;SW;183.08;SW;184.07;SW;185.00;SW;185.88;SW;186.71;SW;187.48;SW;188.21;SW;188.88;S;189.51;S;190.08;S;190.61;S;191.09;S;191.52;S;191.91;S;192.25;S;192.55;S;192.81;S;193.03;S;193.21;S;193.35;S;193.45;S;193.51;S;193.54;S;193.52;S;193.48;S;193.39;S;193.26;S;193.10;S;192.90;S;192.65;S;192.37;S;192.04;S;191.67;S;191.25;S;190.79;S;190.29;S;189.73;S;189.12;S;188.47;SE;187.76;SE;187.01;SE;186.20;SE;185.34;SE;184.43;SE;183.46;SE;182.44;SE;181.37;SE;180.25;SE;179.07;SE;177.85;SE;176.57;SE;175.25;SE;173.88;SE;172.46;SE;171.00;SE;169.49;SE;167.94;SE;166.36;SE;164.73;SE;163.07;SE;161.37;SE;159.64;SE;157.88;SE;156.09;SE;154.28;SE;152.44;SE;150.58;SE;148.70;SE;146.79;SE;144.88;SE;142.94;SE;141.00;SE;139.04;SE;137.07;SE;135.10;SE;133.12;SE;131.14;SE;129.15;SE;127.16;SE
13.15;170.65;SW;172.18;SW;173.66;SW;175.10;SW;176.48;SW;177.82;SW;179.11;SW;180.35;SW;181.54;SW;182.67;SW;183.75;SW;184.78;SW;185.75;SW;186.67;SW;187.53;SW;188.34;SW;189.10;SW;189.80;SW;190.46;S;191.06;S;191.61;S;192.12;S;192.58;S;192.99;S;193.36;S;193.68;S;193.97;S;194.21;S;194.42;S;194.59;S;194.72;S;194.81;S;194.87;S;194.89;S;194.88;S;194.84;S;194.76;S;194.64;S;194.49;S;194.29;S;194.06;S;193.80;S;193.49;S;193.13;S;192.74;S;192.30;S;191.81;S;191.27;S;190.69;S;190.06;SE;189.37;SE;188.63;SE;187.84;SE;187.00;SE;186.10;SE;185.15;SE;184.15;SE;183.09;SE;181.97;SE;180.81;SE;179.59;SE;178.32;SE;177.00;SE;175.63;SE;174.21;SE;172.74;SE;171.23;SE;169.68;SE;168.09;SE;166.45;SE;164.78;SE;163.07;SE;161.33;SE;159.56;SE;157.75;SE;155.92;SE;154.07;SE;152.19;SE;150.28;SE;148.36;SE;146.42;SE;144.47;SE;142.50;SE;140.52;SE;138.53;SE;136.54;SE;134.53;SE;132.53;SE;130.52;SE;128.51;SE
14.16;172.35;SW;173.88;SW;175.36;SW;176.80;SW;178.18;SW;179.52;SW;180.80;SW;182.03;SW;183.21;SW;184.33;SW;185.39;SW;186.40;SW;187.36;SW;188.26;SW;189.10;SW;189.89;SW;190.62;SW;191.31;SW;191.93;SW;192.51;S;193.04;S;193.52;S;193.96;S;194.35;S;194.69;S;195.00;S;195.26;S;195.49;S;195.68;S;195.83;S;195.95;S;196.04;S;196.10;S;196.12;S;196.11;S;196.07;S;195.99;S;195.88;S;195.74;S;195.57;S;195.35;S;195.10;S;194.81;S;194.48;S;194.11;S;193.69;S;193.23;S;192.72;S;192.16;S;191.55;SE;190.89;SE;190.17;SE;189.41;SE;188.58;SE;187.70;SE;186.77;SE;185.78;SE;184.74;SE;183.64;SE;182.48;SE;181.27;SE;180.01;SE;178.70;SE;177.33;SE;175.91;SE;174.45;SE;172.94;SE;171.38;SE;169.78;SE;168.14;SE;166.46;SE;164.74;SE;162.99;SE;161.20;SE;159.38;SE;157.54;SE;155.66;SE;153.77;SE;151.85;SE;149.91;SE;147.95;SE;145.97;SE;143.98;SE;141.98;SE;139.97;SE;137.95;SE;135.93;SE;133.89;SE;131.86;SE;129.83;SE
15.17;174.01;SW;175.54;SW;177.02;SW;178.45;SW;179.83;SW;181.16;SW;182.43;SW;183.65;SW;184.81;SW;185.92;SW;186.97;SW;187.96;SW;188.89;SW;189.77;SW;190.58;SW;191.35;SW;192.06;SW;192.71;SW;193.31;SW;193.86;S;194.36;S;194.81;S;195.22;S;195.58;S;195.90;S;196.18;S;196.42;S;196.63;S;196.80;S;196.94;S;197.05;S;197.13;S;197.18;S;197.20;S;197.19;S;197.15;S;197.08;S;196.99;S;196.86;S;196.70;S;196.50;S;196.28;S;196.01;S;195.70;S;195.36;S;194.97;S;194.53;S;194.05;S;193.52;SE;192.94;SE;192.31;SE;191.62;SE;190.88;SE;190.08;SE;189.23;SE;188.32;SE;187.35;SE;186.32;SE;185.24;SE;184.10;SE;182.90;SE;181.65;SE;180.34;SE;178.98;SE;177.57;SE;176.11;SE;174.59;SE;173.04;SE;171.43;SE;169.79;SE;168.10;SE;166.37;SE;164.61;SE;162.81;SE;160.98;SE;159.12;SE;157.23;SE;155.32;SE;153.38;SE;151.42;SE;149.44;SE;147.45;SE;145.44;SE;143.42;SE;141.38;SE;139.34;SE;137.29;SE;135.24;SE;133.18;SE;131.13;SE
16.18;175.62;SW;177.15;SW;178.63;SW;180.05;SW;181.42;SW;182.74;SW;184.00;SW;185.21;SW;186.35;SW;187.44;SW;188.46;SW;189.43;SW;190.34;SW;191.19;SW;191.98;SW;192.71;SW;193.39;SW;194.01;SW;194.58;SW;195.09;SW;195.56;S;195.98;S;196.35;S;196.68;S;196.97;S;197.22;S;197.44;S;197.62;S;197.78;S;197.90;S;197.99;S;198.06;S;198.10;S;198.12;S;198.11;S;198.08;S;198.02;S;197.94;S;197.82;S;197.68;S;197.51;S;197.31;S;197.07;S;196.80;S;196.48;S;196.12;S;195.72;S;195.27;S;194.78;SE;194.23;SE;193.63;SE;192.97;SE;192.26;SE;191.49;SE;190.67;SE;189.78;SE;188.84;SE;187.83;SE;186.77;SE;185.65;SE;184.46;SE;183.23;SE;181.93;SE;180.58;SE;179.17;SE;177.71;SE;176.21;SE;174.65;SE;173.04;SE;171.39;SE;169.70;SE;167.97;SE;166.19;SE;164.39;SE;162.54;SE;160.67;SE;158.77;SE;156.84;SE;154.88;SE;152.91;SE;150.91;SE;148.90;SE;146.87;SE;144.83;SE;142.77;SE;140.71;SE;138.64;SE;136.56;SE;134.48;SE;132.40;SE
17.19;177.18;SW;178.71;SW;180.18;SW;181.60;SW;182.96;SW;184.26;SW;185.51;SW;186.69;SW;187.82;SW;188.88;SW;189.88;SW;190.82;SW;191.70;SW;192.52;SW;193.28;SW;193.97;SW;194.61;SW;195.20;SW;195.73;SW;196.20;SW;196.63;S;197.01;S;197.35;S;197.64;S;197.90;S;198.12;S;198.30;S;198.46;S;198.59;S;198.69;S;198.77;S;198.82;S;198.86;S;198.87;S;198.87;S;198.84;S;198.79;S;198.72;S;198.63;S;198.51;S;198.37;S;198.19;S;197.98;S;197.74;S;197.46;S;197.14;S;196.78;S;196.37;SE;195.91;SE;195.40;SE;194.84;SE;194.22;SE;193.55;SE;192.81;SE;192.02;SE;191.16;SE;190.25;SE;189.27;SE;188.23;SE;187.13;SE;185.96;SE;184.74;SE;183.46;SE;182.12;SE;180.72;SE;179.27;SE;177.77;SE;176.21;SE;174.61;SE;172.95;SE;171.26;SE;169.52;SE;167.74;SE;165.92;SE;164.07;SE;162.19;SE;160.27;SE;158.33;SE;156.36;SE;154.36;SE;152.35;SE;150.32;SE;148.27;SE;146.21;SE;144.13;SE;142.05;SE;139.96;SE;137.86;SE;135.76;SE;133.66;SE
18.20;178.70;SW;180.21;SW;181.68;SW;183.08;SW;184.43;SW;185.72;SW;186.95;SW;188.11;SW;189.21;SW;190.25;SW;191.22;SW;192.13;SW;192.97;SW;193.75;SW;194.47;SW;195.13;SW;195.73;SW;196.27;SW;196.75;SW;197.19;SW;197.57;S;197.91;S;198.20;S;198.45;S;198.67;S;198.85;S;199.00;S;199.13;S;199.23;S;199.31;S;199.37;S;199.41;S;199.43;S;199.44;S;199.44;S;199.42;S;199.38;S;199.33;S;199.26;S;199.17;S;199.05;S;198.91;S;198.74;S;198.54;S;198.30;S;198.02;S;197.70;S;197.34;SE;196.92;SE;196.46;SE;195.94;SE;195.36;SE;194.73;SE;194.03;SE;193.28;SE;192.46;SE;191.57;SE;190.62;SE;189.61;SE;188.53;SE;187.39;SE;186.19;SE;184.93;SE;183.60;SE;182.22;SE;180.77;SE;179.28;SE;177.73;SE;176.12;SE;174.47;SE;172.77;SE;171.03;SE;169.25;SE;167.42;SE;165.56;SE;163.66;SE;161.74;SE;159.78;SE;157.80;SE;155.79;SE;153.76;SE;151.71;SE;149.64;SE;147.56;SE;145.47;SE;143.36;SE;141.25;SE;139.13;SE;137.01;SE;134.88;SE
19.21;180.16;SW;181.67;SW;183.12;SW;184.51;SW;185.84;SW;187.11;SW;188.32;SW;189.45;SW;190.53;SW;191.53;SW;192.47;SW;193.34;SW;194.15;SW;194.89;SW;195.56;SW;196.17;SW;196.73;SW;197.22;SW;197.65;SW;198.04;SW;198.37;SW;198.65;S;198.90;S;199.10;S;199.27;S;199.41;S;199.53;S;199.62;S;199.68;S;199.74;S;199.77;S;199.80;S;199.82;S;199.82;S;199.82;S;199.81;S;199.79;S;199.75;S;199.71;S;199.64;S;199.56;S;199.46;S;199.33;S;199.17;S;198.98;S;198.75;S;198.48;S;198.17;SE;197.80;SE;197.39;SE;196.92;SE;196.39;SE;195.80;SE;195.15;SE;194.44;SE;193.66;SE;192.81;SE;191.90;SE;190.92;SE;189.87;SE;188.75;SE;187.57;SE;186.33;SE;185.02;SE;183.65;SE;182.22;SE;180.73;SE;179.19;SE;177.59;SE;175.94;SE;174.24;SE;172.50;SE;170.71;SE;168.88;SE;167.01;SE;165.11;SE;163.17;SE;161.20;SE;159.20;SE;157.18;SE;155.13;SE;153.07;SE;150.98;SE;148.88;SE;146.77;SE;144.65;SE;142.52;SE;140.38;SE;138.23;SE;136.09;SE
20.22;181.56;SW;183.06;SW;184.50;SW;185.88;SW;187.19;SW;188.43;SW;189.61;SW;190.72;SW;191.76;SW;192.73;SW;193.63;SW;194.47;SW;195.23;SW;195.92;SW;196.54;SW;197.10;SW;197.60;SW;198.04;SW;198.42;SW;198.74;SW;199.02;SW;199.25;S;199.43;S;199.58;S;199.70;S;199.79;S;199.86;S;199.91;S;199.94;S;199.96;S;199.98;S;199.99;S;199.99;S;199.99;S;199.99;S;199.99;S;199.98;S;199.97;S;199.95;S;199.92;S;199.88;S;199.82;S;199.74;S;199.63;S;199.50;S;199.32;S;199.11;SE;198.85;SE;198.55;SE;198.19;SE;197.77;SE;197.30;SE;196.76;SE;196.16;SE;195.50;SE;194.76;SE;193.96;SE;193.08;SE;192.14;SE;191.12;SE;190.04;SE;188.89;SE;187.67;SE;186.38;SE;185.03;SE;183.61;SE;182.14;SE;180.60;SE;179.01;SE;177.36;SE;175.67;SE;173.92;SE;172.13;SE;170.30;SE;168.42;SE;166.51;SE;164.56;SE;162.58;SE;160.57;SE;158.53;SE;156.47;SE;154.39;SE;152.29;SE;150.18;SE;148.05;SE;145.90;SE;143.75;SE;141.59;SE;139.43;SE;137.26;SE
21.24;182.91;SW;184.40;SW;185.82;SW;187.18;SW;188.47;SW;189.69;SW;190.84;SW;191.91;SW;192.92;SW;193.85;SW;194.71;SW;195.49;SW;196.20;SW;196.84;SW;197.41;SW;197.91;SW;198.35;SW;198.72;SW;199.04;SW;199.30;SW;199.51;SW;199.67;SW;199.80;S;199.89;S;199.95;S;199.98;S;200.00;S;200.00;S;199.99;S;199.98;S;199.96;S;199.95;S;199.94;S;199.94;S;199.94;S;199.95;S;199.96;S;199.97;S;199.99;S;200.00;S;200.00;S;199.99;S;199.96;S;199.91;S;199.84;S;199.72;S;199.58;SE;199.38;SE;199.14;SE;198.85;SE;198.50;SE;198.08;SE;197.61;SE;197.06;SE;196.45;SE;195.77;SE;195.01;SE;194.18;SE;193.28;SE;192.30;SE;191.25;SE;190.13;SE;188.94;SE;187.67;SE;186.34;SE;184.94;SE;183.48;SE;181.96;SE;180.37;SE;178.74;SE;177.04;SE;175.30;SE;173.51;SE;171.67;SE;169.79;SE;167.87;SE;165.91;SE;163.92;SE;161.90;SE;159.86;SE;157.78;SE;155.69;SE;153.57;SE;151.44;SE;149.29;SE;147.13;SE;144.96;SE;142.78;SE;140.60;SE;138.41;SE
22.25;184.20;SW;185.67;SW;187.08;SW;188.41;SW;189.67;SW;190.87;SW;191.98;SW;193.02;SW;193.99;SW;194.87;SW;195.68;SW;196.41;SW;197.07;SW;197.65;SW;198.16;SW;198.59;SW;198.96;SW;199.26;SW;199.51;SW;199.70;SW;199.83;SW;199.93;SW;199.98;S;200.00;S;199.99;S;199.96;S;199.92;S;199.87;S;199.82;S;199.76;S;199.72;S;199.68;S;199.66;S;199.65;S;199.65;S;199.67;S;199.70;S;199.74;S;199.80;S;199.85;S;199.90;S;199.95;S;199.98;S;200.00;S;199.99;S;199.95;SE;199.87;SE;199.75;SE;199.59;SE;199.36;SE;199.08;SE;198.74;SE;198.33;SE;197.85;SE;197.30;SE;196.67;SE;195.97;SE;195.19;SE;194.33;SE;193.40;SE;192.38;SE;191.30;SE;190.13;SE;188.90;SE;187.59;SE;186.21;SE;184.77;SE;183.26;SE;181.69;SE;180.06;SE;178.37;SE;176.63;SE;174.84;SE;173.00;SE;171.11;SE;169.19;SE;167.23;SE;165.23;SE;163.20;SE;161.14;SE;159.05;SE;156.94;SE;154.81;SE;152.66;SE;150.50;SE;148.32;SE;146.13;SE;143.94;SE;141.74;SE;139.53;SE
23.26;185.44;SW;186.89;SW;188.27;SW;189.58;SW;190.81;SW;191.97;SW;193.05;SW;194.05;SW;194.97;SW;195.81;SW;196.56;SW;197.23;SW;197.83;SW;198.34;SW;198.78;SW;199.14;SW;199.44;SW;199.66;SW;199.83;SW;199.93;SW;199.99;SW;200.00;SW;199.97;SW;199.91;S;199.83;S;199.73;S;199.62;S;199.51;S;199.40;S;199.30;S;199.22;S;199.16;S;199.12;S;199.10;S;199.11;S;199.14;S;199.19;S;199.27;S;199.36;S;199.47;S;199.58;S;199.69;S;199.79;S;199.88;S;199.95;S;199.99;SE;200.00;SE;199.96;SE;199.87;SE;199.73;SE;199.53;SE;199.26;SE;198.93;SE;198.52;SE;198.03;SE;197.47;SE;196.82;SE;196.10;SE;195.29;SE;194.41;SE;193.44;SE;192.39;SE;191.26;SE;190.06;SE;188.77;SE;187.42;SE;186.00;SE;184.50;SE;182.94;SE;181.32;SE;179.64;SE;177.91;SE;176.12;SE;174.28;SE;172.40;SE;170.47;SE;168.50;SE;166.49;SE;164.45;SE;162.38;SE;160.29;SE;158.16;SE;156.02;SE;153.86;SE;151.68;SE;149.48;SE;147.28;SE;145.06;SE;142.84;SE;140.62;SE
24.27;186.61;SW;188.04;SW;189.40;SW;190.68;SW;191.88;SW;193.00;SW;194.04;SW;194.99;SW;195.86;SW;196.64;SW;197.34;SW;197.95;SW;198.48;SW;198.92;SW;199.28;SW;199.56;SW;199.77;SW;199.91;SW;199.98;SW;200.00;SW;199.96;SW;199.88;SW;199.76;SW;199.62;S;199.45;S;199.27;S;199.08;S;198.90;S;198.73;S;198.58;S;198.46;S;198.36;S;198.30;S;198.28;S;198.29;S;198.34;S;198.42;S;198.53;S;198.67;S;198.84;S;199.01;S;199.20;S;199.38;S;199.55;S;199.71;SE;199.84;SE;199.94;SE;199.99;SE;200.00;SE;199.94;SE;199.83;SE;199.65;SE;199.39;SE;199.06;SE;198.65;SE;198.16;SE;197.58;SE;196.92;SE;196.17;SE;195.33;SE;194.41;SE;193.40;SE;192.32;SE;191.14;SE;189.89;SE;188.57;SE;187.16;SE;185.69;SE;184.15;SE;182.54;SE;180.87;SE;179.14;SE;177.35;SE;175.52;SE;173.63;SE;171.70;SE;169.73;SE;167.72;SE;165.67;SE;163.59;SE;161.48;SE;159.35;SE;157.19;SE;155.01;SE;152.82;SE;150.61;SE;148.39;SE;146.16;SE;143.92;SE;141.68;SE
25.28;187.73;SW;189.14;SW;190.46;SW;191.71;SW;192.88;SW;193.96;SW;194.95;SW;195.85;SW;196.67;SW;197.39;SW;198.02;SW;198.56;SW;199.01;SW;199.37;SW;199.65;SW;199.84;SW;199.96;SW;200.00;SW;199.97;SW;199.89;SW;199.75;SW;199.57;SW;199.35;SW;199.10;S;198.83;S;198.56;S;198.29;S;198.03;S;197.80;S;197.59;S;197.42;S;197.29;S;197.20;S;197.17;S;197.18;S;197.25;S;197.36;S;197.52;S;197.71;S;197.94;S;198.19;S;198.46;S;198.73;S;199.00;S;199.25;SE;199.49;SE;199.69;SE;199.84;SE;199.95;SE;200.00;SE;199.98;SE;199.89;SE;199.73;SE;199.49;SE;199.16;SE;198.74;SE;198.24;SE;197.64;SE;196.95;SE;196.17;SE;195.30;SE;194.34;SE;193.30;SE;192.16;SE;190.95;SE;189.65;SE;188.27;SE;186.82;SE;185.29;SE;183.70;SE;182.04;SE;180.32;SE;178.54;SE;176.71;SE;174.82;SE;172.89;SE;170.91;SE;168.90;SE;166.84;SE;164.75;SE;162.64;SE;160.49;SE;158.32;SE;156.13;SE;153.92;SE;151.70;SE;149.46;SE;147.22;SE;144.96;SE;142.71;SE
26.29;188.78;SW;190.16;SW;191.46;SW;192.67;SW;193.80;SW;194.84;SW;195.78;SW;196.63;SW;197.38;SW;198.04;SW;198.60;SW;199.06;SW;199.43;SW;199.70;SW;199.89;SW;199.98;SW;200.00;SW;199.93;SW;199.80;SW;199.60;SW;199.34;SW;199.05;SW;198.71;SW;198.35;SW;197.98;S;197.60;S;197.24;S;196.89;S;196.58;S;196.30;S;196.07;S;195.90;S;195.79;S;195.75;S;195.77;S;195.85;S;196.00;S;196.21;S;196.47;S;196.77;S;197.10;S;197.46;S;197.84;S;198.21;S;198.58;SE;198.92;SE;199.24;SE;199.51;SE;199.73;SE;199.89;SE;199.98;SE;200.00;SE;199.93;SE;199.78;SE;199.54;SE;199.21;SE;198.79;SE;198.26;SE;197.64;SE;196.93;SE;196.11;SE;195.20;SE;194.20;SE;193.11;SE;191.93;SE;190.66;SE;189.31;SE;187.89;SE;186.38;SE;184.80;SE;183.16;SE;181.45;SE;179.68;SE;177.85;SE;175.96;SE;174.03;SE;172.05;SE;170.03;SE;167.97;SE;165.88;SE;163.75;SE;161.60;SE;159.42;SE;157.21;SE;154.99;SE;152.75;SE;150.50;SE;148.24;SE;145.97;SE;143.70;SE
27.30;189.78;SW;191.13;SW;192.39;SW;193.57;SW;194.65;SW;195.64;SW;196.53;SW;197.32;SW;198.01;SW;198.59;SW;199.08;SW;199.46;SW;199.73;SW;199.91;SW;199.99;SW;199.98;SW;199.88;SW;199.70;SW;199.44;SW;199.12;SW;198.74;SW;198.31;SW;197.85;SW;197.37;SW;196.87;S;196.38;S;195.90;S;195.46;S;195.05;S;194.70;S;194.41;S;194.20;S;194.06;S;194.00;S;194.03;S;194.14;S;194.32;S;194.59;S;194.91;S;195.30;S;195.73;S;196.20;S;196.68;S;197.18;SE;197.67;SE;198.14;SE;198.58;SE;198.98;SE;199.33;SE;199.61;SE;199.82;SE;199.95;SE;200.00;SE;199.95;SE;199.81;SE;199.57;SE;199.23;SE;198.79;SE;198.24;SE;197.59;SE;196.84;SE;195.99;SE;195.04;SE;193.99;SE;192.85;SE;191.62;SE;190.30;SE;188.89;SE;187.41;SE;185.85;SE;184.22;SE;182.52;SE;180.76;SE;178.94;SE;177.06;SE;175.13;SE;173.15;SE;171.13;SE;169.06;SE;166.96;SE;164.83;SE;162.66;SE;160.47;SE;158.26;SE;156.02;SE;153.77;SE;151.51;SE;149.23;SE;146.95;SE;144.66;E
28.31;190.71;SW;192.03;SW;193.26;SW;194.39;SW;195.43;SW;196.37;SW;197.20;SW;197.92;SW;198.54;SW;199.05;SW;199.45;SW;199.74;SW;199.92;SW;200.00;SW;199.97;SW;199.84;SW;199.62;SW;199.31;SW;198.92;SW;198.45;SW;197.93;SW;197.36;SW;196.76;SW;196.13;SW;195.50;SW;194.88;S;194.28;S;193.72;S;193.21;S;192.78;S;192.42;S;192.15;S;191.97;S;191.90;S;191.93;S;192.07;S;192.30;S;192.63;S;193.04;S;193.52;S;194.06;S;194.65;S;195.26;S;195.90;SE;196.52;SE;197.14;SE;197.72;SE;198.26;SE;198.75;SE;199.17;SE;199.51;SE;199.77;SE;199.93;SE;200.00;SE;199.96;SE;199.82;SE;199.57;SE;199.22;SE;198.75;SE;198.17;SE;197.49;SE;196.69;SE;195.79;SE;194.80;SE;193.70;SE;192.50;SE;191.22;SE;189.84;SE;188.39;SE;186.85;SE;185.23;SE;183.55;SE;181.80;SE;179.98;SE;178.11;SE;176.18;SE;174.20;SE;172.17;SE;170.11;SE;168.00;SE;165.86;SE;163.69;SE;161.49;SE;159.26;SE;157.02;SE;154.75;SE;152.48;SE;150.19;E;147.89;E;145.58;E
29.33;191.58;SW;192.86;SW;194.06;SW;195.15;SW;196.14;SW;197.02;SW;197.79;SW;198.45;SW;198.99;SW;199.42;SW;199.73;SW;199.92;SW;200.00;SW;199.96;SW;199.81;SW;199.56;SW;199.20;SW;198.75;SW;198.21;SW;197.60;SW;196.92;SW;196.19;SW;195.43;SW;194.65;SW;193.86;SW;193.09;S;192.35;S;191.66;S;191.04;S;190.50;S;190.06;S;189.73;S;189.52;S;189.43;S;189.47;S;189.64;S;189.92;S;190.32;S;190.83;S;191.42;S;192.08;S;192.80;S;193.57;SE;194.35;SE;195.13;SE;195.91;SE;196.65;SE;197.35;SE;197.99;SE;198.55;SE;199.04;SE;199.43;SE;199.73;SE;199.92;SE;200.00;SE;199.96;SE;199.82;SE;199.55;SE;199.17;SE;198.67;SE;198.05;SE;197.32;SE;196.48;SE;195.53;SE;194.48;SE;193.33;SE;192.08;SE;190.73;SE;189.30;SE;187.78;SE;186.19;SE;184.52;SE;182.78;SE;180.97;SE;179.10;SE;177.18;SE;175.20;SE;173.17;SE;171.10;SE;168.99;SE;166.85;SE;164.67;SE;162.46;SE;160.23;SE;157.97;E;155.70;E;153.41;E;151.10;E;148.79;E;146.47;E
30.34;192.39;SW;193.64;SW;194.79;SW;195.83;SW;196.77;SW;197.59;SW;198.30;SW;198.89;SW;199.35;SW;199.69;SW;199.91;SW;200.00;SW;199.96;SW;199.80;SW;199.53;SW;199.13;SW;198.63;SW;198.02;SW;197.33;SW;196.55;SW;195.70;SW;194.79;SW;193.86;SW;192.90;SW;191.94;SW;191.00;S;190.10;S;189.27;S;188.51;S;187.86;S;187.33;S;186.93;S;186.67;S;186.57;S;186.62;S;186.82;S;187.16;S;187.65;S;188.25;S;188.97;S;189.78;S;190.65;S;191.58;SE;192.53;SE;193.49;SE;194.44;SE;195.36;SE;196.23;SE;197.04;SE;197.77;SE;198.41;SE;198.95;SE;199.39;SE;199.71;SE;199.92;SE;200.00;SE;199.96;SE;199.79;SE;199.49;SE;199.08;SE;198.54;SE;197.87;SE;197.10;SE;196.20;SE;195.20;SE;194.09;SE;192.87;SE;191.56;SE;190.16;SE;188.67;SE;187.09;SE;185.44;SE;183.71;SE;181.91;SE;180.05;SE;178.13;SE;176.16;SE;174.13;SE;172.06;SE;169.94;SE;167.79;SE;165.61;SE;163.39;E;161.15;E;158.88;E;156.60;E;154.30;E;151.98;E;149.66;E;147.32;E
31.35;193.14;SW;194.35;SW;195.46;SW;196.46;SW;197.34;SW;198.10;SW;198.74;SW;199.25;SW;199.63;SW;199.88;SW;199.99;SW;199.97;SW;199.82;SW;199.53;SW;199.11;SW;198.57;SW;197.91;SW;197.14;SW;196.27;SW;195.30;SW;194.27;SW;193.17;SW;192.03;SW;190.88;SW;189.73;SW;188.60;SW;187.52;S;186.52;S;185.62;S;184.84;S;184.20;S;183.72;S;183.41;S;183.28;S;183.34;S;183.58;S;184.00;S;184.58;S;185.31;S;186.17;S;187.13;S;188.19;S;189.30;SE;190.44;SE;191.60;SE;192.74;SE;193.86;SE;194.92;SE;195.91;SE;196.82;SE;197.63;SE;198.34;SE;198.92;SE;199.39;SE;199.72;SE;199.93;SE;200.00;SE;199.94;SE;199.74;SE;199.41;SE;198.95;SE;198.36;SE;197.64;SE;196.80;SE;195.85;SE;194.78;SE;193.61;SE;192.33;SE;190.96;SE;189.49;SE;187.94;SE;186.30;SE;184.59;SE;182.80;SE;180.95;SE;179.04;SE;177.06;SE;175.04;SE;172.97;SE;170.85;E;168.69;E;166.50;E;164.28;E;162.03;E;159.76;E;157.46;E;155.15;E;152.82;E;150.48;E;148.14;E
32.36;193.83;SW;195.01;SW;196.07;SW;197.01;SW;197.84;SW;198.54;SW;199.10;SW;199.53;SW;199.83;SW;199.98;SW;199.99;SW;199.85;SW;199.57;SW;199.14;SW;198.58;SW;197.88;SW;197.05;SW;196.10;SW;195.03;SW;193.87;SW;192.63;SW;191.32;SW;189.97;SW;188.59;SW;187.22;SW;185.88;SW;184.60;S;183.41;S;182.34;S;181.41;S;180.65;S;180.07;S;179.71;S;179.56;S;179.62;S;179.91;S;180.41;S;181.10;S;181.97;S;182.99;S;184.14;S;185.39;SE;186.71;SE;188.07;SE;189.45;SE;190.81;SE;192.14;SE;193.41;SE;194.61;SE;195.71;SE;196.70;SE;197.58;SE;198.33;SE;198.95;SE;199.42;SE;199.76;SE;199.95;SE;200.00;SE;199.90;SE;199.66;SE;199.28;SE;198.77;SE;198.12;SE;197.34;SE;196.44;SE;195.42;SE;194.29;SE;193.05;SE;191.71;SE;190.27;SE;188.73;SE;187.12;SE;185.42;SE;183.64;SE;181.80;SE;179.89;SE;177.92;SE;175.90;E;173.83;E;171.71;E;169.55;E;167.36;E;165.13;E;162.87;E;160.59;E;158.28;E;155.96;E;153.62;E;151.27;E;148.92;E
33.37;194.47;SW;195.60;SW;196.62;SW;197.51;SW;198.27;SW;198.91;SW;199.40;SW;199.75;SW;199.95;SW;200.00;SW;199.89;SW;199.64;SW;199.22;SW;198.65;SW;197.93;SW;197.06;SW;196.05;SW;194.90;SW;193.64;SW;192.26;SW;190.79;SW;189.24;SW;187.65;SW;186.03;SW;184.42;SW;182.84;SW;181.33;SW;179.93;S;178.66;S;177.56;S;176.65;S;175.97;S;175.54;S;175.36;S;175.44;S;175.78;S;176.37;S;177.19;S;178.22;S;179.43;S;180.79;S;182.26;SE;183.82;SE;185.42;SE;187.04;SE;188.65;SE;190.21;SE;191.71;SE;193.13;SE;194.44;SE;195.63;SE;196.70;SE;197.62;SE;198.40;SE;199.03;SE;199.50;SE;199.82;SE;199.98;SE;199.98;SE;199.84;SE;199.55;SE;199.11;SE;198.53;SE;197.81;SE;196.97;SE;196.00;SE;194.91;SE;193.71;SE;192.40;SE;190.98;SE;189.47;SE;187.88;SE;186.19;SE;184.43;SE;182.60;SE;180.70;E;178.74;E;176.72;E;174.64;E;172.53;E;170.36;E;168.16;E;165.93;E;163.66;E;161.37;E;159.06;E;156.73;E;154.38;E;152.02;E;149.66;E
34.38;195.05;SW;196.14;SW;197.11;SW;197.95;SW;198.65;SW;199.21;SW;199.63;SW;199.89;SW;200.00;SW;199.94;SW;199.72;SW;199.34;SW;198.79;SW;198.06;SW;197.18;SW;196.13;SW;194.92;SW;193.57;SW;192.08;SW;190.47;SW;188.75;SW;186.95;SW;185.10;SW;183.21;SW;181.32;SW;179.48;SW;177.71;SW;176.06;S;174.56;S;173.26;S;172.19;S;171.39;S;170.87;S;170.66;S;170.76;S;171.16;S;171.86;S;172.83;S;174.04;S;175.47;S;177.07;SE;178.80;SE;180.62;SE;182.49;SE;184.38;SE;186.26;SE;188.08;SE;189.83;SE;191.49;SE;193.02;SE;194.43;SE;195.69;SE;196.80;SE;197.75;SE;198.53;SE;199.15;SE;199.60;SE;199.88;SE;200.00;SE;199.95;SE;199.75;SE;199.39;SE;198.88;SE;198.23;SE;197.44;SE;196.52;SE;195.47;SE;194.31;SE;193.03;SE;191.65;SE;190.16;SE;188.59;SE;186.92;E;185.17;E;183.35;E;181.46;E;179.50;E;177.48;E;175.41;E;173.29;E;171.13;E;168.93;E;166.69;E;164.42;E;162.12;E;159.80;E;157.46;E;155.10;E;152.73;E;150.36;E
35.39;195.57;SW;196.62;SW;197.54;SW;198.33;SW;198.97;SW;199.46;SW;199.80;SW;199.97;SW;199.98;SW;199.82;SW;199.48;SW;198.96;SW;198.27;SW;197.39;SW;196.33;SW;195.09;SW;193.68;SW;192.11;SW;190.38;SW;188.52;SW;186.54;SW;184.46;SW;182.31;SW;180.12;SW;177.93;SW;175.79;SW;173.72;SW;171.79;SW;170.03;S;168.51;S;167.25;S;166.30;S;165.69;S;165.43;S;165.55;S;166.02;S;166.85;S;168.00;S;169.43;S;171.10;S;172.97;SE;174.99;SE;177.11;SE;179.29;SE;181.48;SE;183.65;SE;185.76;SE;187.78;SE;189.69;SE;191.47;SE;193.10;SE;194.58;SE;195.88;SE;197.01;SE;197.96;SE;198.72;SE;199.31;SE;199.71;SE;199.94;SE;200.00;SE;199.88;SE;199.61;SE;199.17;SE;198.59;SE;197.85;SE;196.99;SE;195.98;SE;194.86;SE;193.61;SE;192.26;SE;190.80;E;189.24;E;187.60;E;185.86;E;184.05;E;182.17;E;180.22;E;178.20;E;176.14;E;174.02;E;171.85;E;169.64;E;167.40;E;165.13;E;162.82;E;160.50;E;158.15;E;155.78;E;153.40;E;151.02;E
36.40;196.05;SW;197.05;SW;197.93;SW;198.65;SW;199.23;SW;199.65;SW;199.91;SW;200.00;SW;199.91;SW;199.64;SW;199.18;SW;198.52;SW;197.68;SW;196.63;SW;195.39;SW;193.96;SW;192.34;SW;190.53;SW;188.55;SW;186.42;SW;184.15;SW;181.77;SW;179.30;SW;176.78;SW;174.26;SW;171.77;SW;169.37;SW;167.12;SW;165.07;S;163.27;S;161.79;S;160.67;S;159.95;S;159.65;S;159.78;S;160.35;S;161.32;S;162.67;S;164.36;S;166.32;SE;168.50;SE;170.85;SE;173.31;SE;175.83;SE;178.35;SE;180.84;SE;183.26;SE;185.58;SE;187.76;SE;189.80;SE;191.67;SE;193.37;SE;194.87;SE;196.19;SE;197.31;SE;198.23;SE;198.95;SE;199.49;SE;199.83;SE;199.99;SE;199.97;SE;199.77;SE;199.41;SE;198.89;SE;198.22;SE;197.40;SE;196.44;SE;195.36;E;194.15;E;192.82;E;191.39;E;189.85;E;188.22;E;186.50;E;184.70;E;182.83;E;180.88;E;178.88;E;176.81;E;174.69;E;172.53;E;170.32;E;168.07;E;165.79;E;163.48;E;161.15;E;158.79;E;156.42;E;154.03;E;151.64;E
37.42;196.47;W;197.44;W;198.26;SW;198.93;SW;199.45;SW;199.80;SW;199.98;SW;199.98;SW;199.79;SW;199.40;SW;198.82;SW;198.03;SW;197.03;SW;195.82;SW;194.39;SW;192.75;SW;190.90;SW;188.86;SW;186.61;SW;184.20;SW;181.62;SW;178.91;SW;176.09;SW;173.21;SW;170.31;SW;167.45;SW;164.67;SW;162.05;SW;159.65;S;157.55;S;155.81;S;154.48;S;153.63;S;153.27;S;153.43;S;154.10;S;155.25;S;156.84;S;158.82;S;161.11;SE;163.66;SE;166.38;SE;169.22;SE;172.12;SE;175.01;SE;177.85;SE;180.61;SE;183.24;SE;185.72;SE;188.03;SE;190.15;SE;192.08;SE;193.79;SE;195.30;SE;196.59;SE;197.67;SE;198.54;SE;199.20;SE;199.66;SE;199.93;SE;200.00;SE;199.89;SE;199.60;SE;199.15;SE;198.53;SE;197.76;E;196.85;E;195.81;E;194.63;E;193.34;E;191.93;E;190.41;E;188.80;E;187.10;E;185.31;E;183.44;E;181.50;E;179.50;E;177.44;E;175.32;E;173.15;E;170.94;E;168.69;E;166.41;E;164.10;E;161.76;E;159.39;E;157.02;E;154.62;E;152.22;E
38.43;196.85;W;197.77;W;198.55;W;199.17;W;199.62;W;199.90;SW;200.00;SW;199.91;SW;199.62;SW;199.12;SW;198.41;SW;197.49;SW;196.33;SW;194.95;SW;193.33;SW;191.49;SW;189.41;SW;187.11;SW;184.59;SW;181.87;SW;178.96;SW;175.90;SW;172.71;SW;169.44;SW;166.13;SW;162.83;SW;159.63;SW;156.59;SW;153.79;SW;151.33;S;149.27;S;147.71;S;146.69;S;146.27;S;146.46;S;147.26;S;148.62;S;150.50;S;152.82;S;155.50;SE;158.46;SE;161.61;SE;164.87;SE;168.19;SE;171.48;SE;174.71;SE;177.82;SE;180.79;SE;183.58;SE;186.18;SE;188.56;SE;190.73;SE;192.66;SE;194.36;SE;195.84;SE;197.08;SE;198.09;SE;198.88;SE;199.46;SE;199.82;SE;199.99;SE;199.96;SE;199.75;E;199.36;E;198.80;E;198.08;E;197.22;E;196.21;E;195.07;E;193.80;E;192.42;E;190.92;E;189.33;E;187.64;E;185.86;E;184.01;E;182.08;E;180.08;E;178.02;E;175.90;E;173.73;E;171.52;E;169.27;E;166.98;E;164.67;E;162.32;E;159.95;E;157.57;E;155.17;E;152.75;E
39.44;197.19;W;198.07;W;198.79;W;199.36;W;199.75;W;199.96;W;199.99;W;199.81;SW;199.42;SW;198.81;SW;197.98;SW;196.91;SW;195.60;SW;194.05;SW;192.24;SW;190.18;SW;187.87;SW;185.31;SW;182.50;SW;179.47;SW;176.22;SW;172.79;SW;169.20;SW;165.49;SW;161.72;SW;157.96;SW;154.27;SW;150.75;SW;147.49;SW;144.60;S;142.17;S;140.32;S;139.11;S;138.61;S;138.84;S;139.78;S;141.40;S;143.62;S;146.35;SE;149.48;SE;152.91;SE;156.55;SE;160.30;SE;164.07;SE;167.81;SE;171.45;SE;174.94;SE;178.27;SE;181.38;SE;184.28;SE;186.93;SE;189.34;SE;191.49;SE;193.40;SE;195.05;SE;196.45;SE;197.60;SE;198.52;SE;199.22;SE;199.68;SE;199.94;E;199.99;E;199.85;E;199.53;E;199.03;E;198.36;E;197.54;E;196.57;E;195.46;E;194.22;E;192.86;E;191.39;E;189.81;E;188.14;E;186.37;E;184.52;E;182.60;E;180.61;E;178.55;E;176.44;E;174.27;E;172.06;E;169.80;E;167.51;E;165.19;E;162.84;E;160.47;E;158.08;E;155.67;E;153.25;E
40.45;197.48;W;198.32;W;199.00;W;199.52;W;199.85;W;199.99;W;199.94;W;199.68;W;199.19;W;198.48;W;197.52;SW;196.32;SW;194.86;SW;193.13;SW;191.14;SW;188.87;SW;186.32;SW;183.49;SW;180.39;SW;177.04;SW;173.43;SW;169.60;SW;165.58;SW;161.42;SW;157.15;SW;152.86;SW;148.63;SW;144.56;SW;140.76;SW;137.37;SW;134.50;S;132.30;S;130.86;S;130.25;S;130.53;S;131.66;S;133.59;S;136.21;S;139.42;SE;143.09;SE;147.07;SE;151.25;SE;155.53;SE;159.81;SE;164.02;SE;168.10;SE;172.01;SE;175.70;SE;179.15;SE;182.35;SE;185.28;SE;187.93;SE;190.31;SE;192.41;SE;194.24;SE;195.80;SE;197.10;SE;198.15;SE;198.95;E;199.52;E;199.87;E;200.00;E;199.93;E;199.66;E;199.22;E;198.60;E;197.82;E;196.88;E;195.81;E;194.60;E;193.26;E;191.81;E;190.25;E;188.59;E;186.83;E;184.99;E;183.08;E;181.09;E;179.04;E;176.92;E;174.76;E;172.54;E;170.29;E;168.00;E;165.67;E;163.32;E;160.94;E;158.54;E;156.13;E;153.70;E
41.46;197.74;W;198.54;W;199.18;W;199.64;W;199.92;W;200.00;W;199.87;W;199.53;W;198.95;W;198.13;W;197.06;W;195.73;W;194.12;SW;192.22;SW;190.04;SW;187.56;SW;184.77;SW;181.68;SW;178.29;SW;174.61;SW;170.63;SW;166.40;SW;161.93;SW;157.27;SW;152.47;SW;147.61;SW;142.77;SW;138.07;SW;133.65;SW;129.66;SW;126.26;S;123.62;S;121.89;S;121.16;S;121.49;S;122.85;S;125.16;S;128.29;SE;132.08;SE;136.36;SE;140.97;SE;145.77;SE;150.64;SE;155.47;SE;160.19;SE;164.74;SE;169.06;SE;173.14;SE;176.93;SE;180.44;SE;183.64;SE;186.54;SE;189.14;SE;191.43;SE;193.44;SE;195.15;E;196.59;E;197.76;E;198.67;E;199.34;E;199.77;E;199.98;E;199.97;E;199.77;E;199.37;E;198.80;E;198.06;E;197.16;E;196.11;E;194.93;E;193.61;E;192.18;E;190.64;E;188.99;E;187.25;E;185.42;E;183.51;E;181.52;E;179.47;E;177.36;E;175.20;E;172.99;E;170.73;E;168.43;E;166.11;E;163.75;E;161.37;E;158.97;E;156.55;E;154.11;E
42.47;197.96;W;198.72;W;199.32;W;199.74;W;199.96;W;199.98;W;199.79;W;199.37;W;198.70;W;197.79;W;196.60;W;195.14;W;193.39;W;191.34;W;188.97;W;186.29;SW;183.27;SW;179.93;SW;176.24;SW;172.23;SW;167.89;SW;163.24;SW;158.31;SW;153.13;SW;147.76;SW;142.27;SW;136.76;SW;131.35;SW;126.21;SW;121.50;SW;117.46;S;114.28;S;112.18;S;111.29;S;111.70;S;113.35;S;116.14;S;119.88;SE;124.36;SE;129.37;SE;134.70;SE;140.18;SE;145.69;SE;151.12;SE;156.37;SE;161.40;SE;166.16;SE;170.62;SE;174.76;SE;178.57;SE;182.05;SE;185.19;SE;188.00;SE;190.48;E;192.65;E;194.51;E;196.08;E;197.37;E;198.39;E;199.14;E;199.66;E;199.94;E;199.99;E;199.85;E;199.50;E;198.97;E;198.27;E;197.40;E;196.38;E;195.22;E;193.93;E;192.51;E;190.98;E;189.35;E;187.61;E;185.79;E;183.89;E;181.91;E;179.86;E;177.76;E;175.59;E;173.38;E;171.12;E;168.83;E;166.50;E;164.14;E;161.75;E;159.34;E;156.92;E;154.48;E
43.48;198.14;W;198.88;W;199.44;W;199.81;W;199.99;W;199.95;W;199.70;W;199.20;W;198.46;W;197.45;W;196.16;W;194.58;W;192.70;W;190.50;W;187.96;W;185.08;W;181.85;W;178.25;SW;174.29;SW;169.95;SW;165.24;SW;160.18;SW;154.78;SW;149.07;SW;143.11;SW;136.96;SW;130.71;SW;124.51;SW;118.52;SW;112.98;SW;108.13;SW;104.28;S;101.70;S;100.61;S;101.10;S;103.14;S;106.54;S;111.05;SE;116.36;SE;122.21;SE;128.35;SE;134.60;SE;140.80;SE;146.85;SE;152.66;SE;158.18;SE;163.37;SE;168.21;SE;172.69;SE;176.80;SE;180.53;E;183.90;E;186.91;E;189.58;E;191.91;E;193.91;E;195.60;E;197.00;E;198.11;E;198.95;E;199.54;E;199.88;E;200.00;E;199.90;E;199.60;E;199.11;E;198.44;E;197.60;E;196.61;E;195.47;E;194.20;E;192.80;E;191.28;E;189.66;E;187.94;E;186.12;E;184.23;E;182.25;E;180.21;E;178.10;E;175.94;E;173.73;E;171.47;E;169.17;E;166.84;E;164.48;E;162.09;E;159.68;E;157.25;E;154.81;E
44.49;198.30;W;199.00;W;199.53;W;199.87;W;200.00;W;199.91;W;199.60;W;199.04;W;198.22;W;197.13;W;195.75;W;194.07;W;192.06;W;189.72;W;187.03;W;183.97;W;180.53;W;176.70;W;172.47;W;167.83;SW;162.77;SW;157.31;SW;151.45;SW;145.21;SW;138.64;SW;131.79;SW;124.76;SW;117.68;SW;110.75;SW;104.20;SW;98.37;SW;93.65;S;90.43;S;89.06;S;89.68;S;92.23;S;96.43;SE;101.89;SE;108.21;SE;115.03;SE;122.08;SE;129.15;SE;136.08;SE;142.76;SE;149.13;SE;155.14;SE;160.75;SE;165.96;SE;170.76;E;175.15;E;179.13;E;182.71;E;185.91;E;188.74;E;191.22;E;193.35;E;195.15;E;196.65;E;197.84;E;198.76;E;199.42;E;199.82;E;199.99;E;199.94;E;199.68;E;199.22;E;198.59;E;197.78;E;196.81;E;195.69;E;194.43;E;193.05;E;191.54;E;189.93;E;188.22;E;186.41;E;184.52;E;182.55;E;180.51;E;178.40;E;176.24;E;174.03;E;171.77;E;169.47;E;167.14;E;164.77;E;162.38;E;159.97;E;157.54;E;155.09;E
45.51;198.43;W;199.11;W;199.60;W;199.91;W;200.00;W;199.87;W;199.51;W;198.89;W;198.01;W;196.85;W;195.38;W;193.60;W;191.49;W;189.03;W;186.19;W;182.97;W;179.35;W;175.31;W;170.83;W;165.91;W;160.53;W;154.69;W;148.39;SW;141.65;SW;134.48;SW;126.93;SW;119.09;SW;111.08;SW;103.08;SW;95.36;SW;88.31;SW;82.46;SW;78.38;S;76.61;S;77.41;S;80.67;S;85.93;SE;92.59;SE;100.11;SE;108.04;SE;116.07;SE;124.00;SE;131.66;SE;138.98;SE;145.89;SE;152.36;SE;158.38;E;163.93;E;169.03;E;173.67;E;177.87;E;181.65;E;185.02;E;188.00;E;190.60;E;192.84;E;194.75;E;196.33;E;197.60;E;198.59;E;199.31;E;199.76;E;199.98;E;199.97;E;199.74;E;199.32;E;198.70;E;197.92;E;196.97;E;195.87;E;194.63;E;193.25;E;191.76;E;190.16;E;188.45;E;186.65;E;184.76;E;182.80;E;180.76;E;178.66;E;176.50;E;174.28;E;172.02;E;169.72;E;167.39;E;165.02;E;162.63;E;160.21;E;157.78;E;155.33;E
46.52;198.53;W;199.19;W;199.66;W;199.93;W;199.99;W;199.83;W;199.43;W;198.76;W;197.83;W;196.60;W;195.07;W;193.21;W;191.00;W;188.43;W;185.48;W;182.12;W;178.34;W;174.12;W;169.43;W;164.26;W;158.60;W;152.42;W;145.72;W;138.51;W;130.78;SW;122.57;SW;113.93;SW;104.95;SW;95.81;SW;86.76;SW;78.24;SW;70.88;SW;65.56;S;63.20;S;64.28;S;68.58;SE;75.27;SE;83.45;SE;92.36;SE;101.51;SE;110.57;SE;119.35;SE;127.73;SE;135.64;E;143.05;E;149.95;E;156.32;E;162.18;E;167.53;E;172.40;E;176.80;E;180.74;E;184.26;E;187.36;E;190.07;E;192.41;E;194.40;E;196.06;E;197.40;E;198.44;E;199.21;E;199.71;E;199.96;E;199.98;E;199.79;E;199.39;E;198.80;E;198.03;E;197.10;E;196.01;E;194.78;E;193.42;E;191.94;E;190.34;E;188.64;E;186.84;E;184.96;E;183.00;E;180.96;E;178.86;E;176.70;E;174.49;E;172.23;E;169.93;E;167.59;E;165.22;E;162.83;E;160.41;E;157.98;E;155.53;E
47.53;198.60;W;199.24;W;199.70;W;199.95;W;199.99;W;199.79;W;199.36;W;198.66;W;197.68;W;196.40;W;194.81;W;192.89;W;190.61;W;187.96;W;184.91;W;181.44;W;177.53;W;173.16;W;168.30;W;162.93;W;157.02;W;150.56;W;143.53;W;135.91;W;127.70;W;118.90;W;109.52;W;99.64;SW;89.35;SW;78.88;SW;68.62;SW;59.29;SW;52.14;S;48.79;S;50.34;S;56.25;SE;64.93;SE;74.94;SE;85.40;SE;95.79;SE;105.84;SE;115.42;E;124.44;E;132.88;E;140.72;E;147.97;E;154.65;E;160.76;E;166.33;E;171.38;E;175.93;E;180.01;E;183.65;E;186.85;E;189.65;E;192.07;E;194.12;E;195.84;E;197.23;E;198.32;E;199.12;E;199.66;E;199.94;E;199.99;E;199.82;E;199.44;E;198.87;E;198.12;E;197.20;E;196.12;E;194.90;E;193.55;E;192.07;E;190.48;E;188.79;E;187.00;E;185.12;E;183.16;E;181.12;E;179.02;E;176.86;E;174.65;E;172.39;E;170.09;E;167.75;E;165.38;E;162.99;E;160.57;E;158.13;E;155.68;E
48.54;198.66;W;199.29;W;199.73;W;199.96;W;199.98;W;199.77;W;199.30;W;198.58;W;197.57;W;196.26;W;194.62;W;192.65;W;190.32;W;187.61;W;184.49;W;180.94;W;176.94;W;172.45;W;167.47;W;161.95;W;155.86;W;149.19;W;141.91;W;133.98;W;125.39;W;116.12;W;106.15;W;95.50;W;84.20;W;72.37;SW;60.27;SW;48.51;SW;38.53;SW;33.35;S;35.80;SE;44.40;SE;55.73;SE;67.81;SE;79.78;E;91.30;E;102.20;E;112.43;E;121.97;E;130.81;E;138.99;E;146.51;E;153.41;E;159.71;E;165.44;E;170.63;E;175.30;E;179.48;E;183.20;E;186.48;E;189.34;E;191.82;E;193.92;E;195.68;E;197.11;E;198.23;E;199.06;E;199.62;E;199.93;E;200.00;E;199.84;E;199.48;E;198.92;E;198.18;E;197.27;E;196.20;E;194.99;E;193.64;E;192.17;E;190.58;E;188.89;E;187.10;E;185.22;E;183.27;E;181.23;E;179.14;E;176.98;E;174.77;E;172.51;E;170.20;E;167.87;E;165.49;E;163.10;E;160.68;E;158.24;E;155.78;E
49.55;198.69;W;199.31;W;199.74;W;199.97;W;199.98;W;199.75;W;199.27;W;198.53;W;197.50;W;196.17;W;194.51;W;192.51;W;190.15;W;187.40;W;184.24;W;180.64;W;176.58;W;172.03;W;166.97;W;161.36;W;155.17;W;148.37;W;140.93;W;132.81;W;123.98;W;114.40;W;104.05;W;92.88;W;80.89;W;68.06;W;54.44;W;40.25;SW;26.33;SW;16.90;S;21.74;SE;34.86;SE;49.12;E;62.99;E;76.13;E;88.45;E;99.92;E;110.58;E;120.45;E;129.55;E;137.94;E;145.63;E;152.67;E;159.08;E;164.91;E;170.18;E;174.92;E;179.16;E;182.93;E;186.25;E;189.16;E;191.66;E;193.80;E;195.58;E;197.03;E;198.17;E;199.02;E;199.60;E;199.92;E;200.00;E;199.85;E;199.50;E;198.94;E;198.21;E;197.31;E;196.25;E;195.04;E;193.69;E;192.23;E;190.64;E;188.95;E;187.17;E;185.29;E;183.33;E;181.30;E;179.20;E;177.04;E;174.83;E;172.57;E;170.27;E;167.93;E;165.56;E;163.16;E;160.74;E;158.30;E;155.85;E
50.56;198.70;W;199.32;W;199.75;W;199.97;W;199.97;W;199.74;W;199.26;W;198.51;W;197.48;W;196.14;W;194.48;W;192.47;W;190.10;W;187.34;W;184.16;W;180.55;W;176.47;W;171.90;W;166.81;W;161.17;W;154.95;W;148.11;W;140.62;W;132.45;W;123.54;W;113.87;W;103.40;W;92.07;W;79.84;W;66.66;W;52.50;W;37.28;W;20.97;W;3.65;W;14.51;E;31.24;E;46.87;E;61.43;E;74.97;E;87.55;E;99.21;E;110.01;E;119.98;E;129.17;E;137.61;E;145.36;E;152.44;E;158.89;E;164.75;E;170.04;E;174.80;E;179.06;E;182.85;E;186.19;E;189.10;E;191.62;E;193.76;E;195.55;E;197.01;E;198.16;E;199.01;E;199.59;E;199.92;E;200.00;E;199.85;E;199.50;E;198.95;E;198.22;E;197.32;E;196.26;E;195.05;E;193.71;E;192.24;E;190.66;E;188.97;E;187.18;E;185.31;E;183.35;E;181.32;E;179.22;E;177.06;E;174.85;E;172.59;E;170.29;E;167.95;E;165.58;E;163.18;E;160.76;E;158.32;E;155.87;E
51.57;198.68;W;199.31;W;199.74;W;199.97;W;199.98;W;199.75;W;199.28;W;198.53;W;197.51;W;196.18;W;194.52;W;192.53;W;190.17;W;187.42;W;184.26;W;180.67;W;176.61;W;172.07;W;167.01;W;161.41;W;155.23;W;148.44;W;141.02;W;132.92;W;124.11;W;114.56;W;104.25;W;93.13;W;81.20;W;68.47;W;55.02;W;41.11;NW;27.74;NW;19.14;N;23.47;NE;35.88;NE;49.78;E;63.46;E;76.48;E;88.72;E;100.14;E;110.75;E;120.59;E;129.67;E;138.04;E;145.71;E;152.74;E;159.14;E;164.96;E;170.22;E;174.96;E;179.19;E;182.96;E;186.27;E;189.17;E;191.68;E;193.81;E;195.59;E;197.04;E;198.18;E;199.03;E;199.60;E;199.92;E;200.00;E;199.85;E;199.49;E;198.94;E;198.21;E;197.30;E;196.24;E;195.03;E;193.69;E;192.22;E;190.64;E;188.95;E;187.16;E;185.28;E;183.33;E;181.29;E;179.20;E;177.04;E;174.83;E;172.57;E;170.26;E;167.93;E;165.55;E;163.16;E;160.74;E;158.30;E;155.84;E
52.58;198.65;W;199.28;W;199.72;W;199.96;W;199.98;W;199.77;W;199.31;W;198.59;W;197.58;W;196.27;W;194.65;W;192.68;W;190.35;W;187.65;W;184.53;W;180.99;W;177.00;W;172.53;W;167.56;W;162.05;W;155.99;W;149.35;W;142.09;W;134.20;W;125.65;W;116.43;W;106.53;W;95.96;W;84.79;W;73.13;NW;61.27;NW;49.84;NW;40.32;NW;35.46;N;37.75;N;45.90;NE;56.84;NE;68.64;NE;80.43;NE;91.81;E;102.61;E;112.76;E;122.24;E;131.04;E;139.18;E;146.68;E;153.55;E;159.83;E;165.54;E;170.71;E;175.37;E;179.54;E;183.25;E;186.52;E;189.38;E;191.84;E;193.94;E;195.69;E;197.12;E;198.24;E;199.07;E;199.63;E;199.93;E;199.99;E;199.84;E;199.47;E;198.91;E;198.17;E;197.26;E;196.19;E;194.98;E;193.63;E;192.16;E;190.57;E;188.88;E;187.09;E;185.21;E;183.25;E;181.22;E;179.12;E;176.96;E;174.75;E;172.49;E;170.19;E;167.85;E;165.48;E;163.08;E;160.66;E;158.23;E;155.77;E
53.60;198.59;W;199.24;W;199.69;W;199.95;W;199.99;W;199.80;W;199.36;W;198.67;W;197.69;W;196.42;W;194.84;W;192.92;W;190.65;W;188.01;W;184.97;W;181.52;W;177.63;W;173.27;W;168.43;W;163.08;W;157.21;W;150.78;W;143.79;W;136.22;W;128.07;W;119.34;W;110.06;NW;100.29;NW;90.15;NW;79.86;NW;69.84;NW;60.81;NW;53.95;N;50.76;N;52.23;N;57.88;NE;66.26;NE;76.01;NE;86.26;NE;96.49;NE;106.41;NE;115.89;E;124.83;E;133.21;E;141.00;E;148.21;E;154.84;E;160.93;E;166.47;E;171.50;E;176.03;E;180.10;E;183.72;E;186.91;E;189.70;E;192.11;E;194.16;E;195.86;E;197.25;E;198.33;E;199.13;E;199.66;E;199.94;E;199.99;E;199.81;E;199.43;E;198.86;E;198.11;E;197.19;E;196.11;E;194.89;E;193.54;E;192.06;E;190.47;E;188.77;E;186.98;E;185.10;E;183.14;E;181.10;E;179.00;E;176.84;E;174.63;E;172.37;E;170.07;E;167.73;E;165.36;E;162.97;E;160.55;E;158.11;E;155.66;E
54.61;198.52;W;199.18;W;199.65;W;199.93;W;200.00;W;199.84;W;199.44;W;198.78;W;197.85;W;196.63;W;195.10;W;193.25;W;191.06;W;188.50;W;185.57;W;182.23;W;178.47;W;174.26;W;169.60;W;164.46;W;158.83;W;152.70;W;146.05;W;138.89;W;131.24;NW;123.11;NW;114.58;NW;105.73;NW;96.74;NW;87.88;NW;79.56;NW;72.43;NW;67.31;N;65.03;N;66.08;N;70.21;NE;76.69;NE;84.64;NE;93.35;NE;102.34;NE;111.26;NE;119.93;NE;128.22;NE;136.06;NE;143.41;E;150.25;E;156.57;E;162.39;E;167.72;E;172.56;E;176.93;E;180.85;E;184.35;E;187.44;E;190.14;E;192.47;E;194.44;E;196.09;E;197.42;E;198.46;E;199.22;E;199.71;E;199.96;E;199.98;E;199.78;E;199.38;E;198.79;E;198.02;E;197.08;E;195.99;E;194.76;E;193.40;E;191.92;E;190.32;E;188.62;E;186.82;E;184.94;E;182.97;E;180.94;E;178.84;E;176.68;E;174.47;E;172.21;E;169.91;E;167.57;E;165.20;E;162.81;E;160.39;E;157.95;E;155.50;E
55.62;198.41;W;199.09;W;199.59;W;199.90;W;200.00;W;199.88;W;199.52;W;198.91;W;198.04;W;196.88;W;195.43;W;193.66;W;191.56;W;189.11;W;186.30;W;183.10;W;179.50;W;175.48;W;171.04;W;166.15;W;160.81;W;155.02;NW;148.78;NW;142.10;NW;135.01;NW;127.55;NW;119.82;NW;111.94;NW;104.08;NW;96.53;NW;89.66;NW;83.97;NW;80.02;N;78.31;N;79.09;N;82.24;N;87.34;NE;93.82;NE;101.17;NE;108.95;NE;116.85;NE;124.66;NE;132.23;NE;139.46;NE;146.30;NE;152.71;NE;158.68;E;164.19;E;169.24;E;173.85;E;178.03;E;181.78;E;185.13;E;188.09;E;190.68;E;192.91;E;194.80;E;196.37;E;197.63;E;198.61;E;199.32;E;199.77;E;199.98;E;199.96;E;199.73;E;199.30;E;198.69;E;197.90;E;196.95;E;195.85;E;194.60;E;193.23;E;191.73;E;190.13;E;188.42;E;186.62;E;184.73;E;182.77;E;180.73;E;178.63;E;176.46;E;174.25;E;171.99;E;169.69;E;167.36;E;164.99;E;162.60;E;160.18;E;157.75;E;155.30;E
56.63;198.28;W;198.99;W;199.52;W;199.86;W;200.00;W;199.92;W;199.61;W;199.06;W;198.25;W;197.17;W;195.80;W;194.13;W;192.14;W;189.82;W;187.15;W;184.11;W;180.70;W;176.90;W;172.70;W;168.10;NW;163.09;NW;157.68;NW;151.87;NW;145.71;NW;139.22;NW;132.46;NW;125.54;NW;118.58;NW;111.78;NW;105.37;NW;99.69;NW;95.09;N;91.98;N;90.65;N;91.25;N;93.72;N;97.80;NE;103.12;NE;109.29;NE;115.98;NE;122.91;NE;129.86;NE;136.69;NE;143.29;NE;149.58;NE;155.53;NE;161.09;NE;166.25;NE;171.01;E;175.36;E;179.31;E;182.86;E;186.04;E;188.85;E;191.30;E;193.42;E;195.21;E;196.69;E;197.88;E;198.79;E;199.43;E;199.83;E;199.99;E;199.94;E;199.67;E;199.21;E;198.57;E;197.75;E;196.78;E;195.66;E;194.40;E;193.02;E;191.51;E;189.90;E;188.18;E;186.37;E;184.48;E;182.51;E;180.47;E;178.37;E;176.20;E;173.99;E;171.73;E;169.43;E;167.10;E;164.73;E;162.34;E;159.93;E;157.50;E;155.06;E
57.64;198.12;W;198.86;W;199.42;W;199.80;W;199.98;W;199.96;W;199.71;W;199.22;W;198.49;W;197.49;W;196.22;W;194.66;W;192.79;W;190.61;W;188.09;W;185.24;W;182.03;W;178.47;NW;174.54;NW;170.24;NW;165.59;NW;160.58;NW;155.24;NW;149.60;NW;143.72;NW;137.66;NW;131.51;NW;125.42;NW;119.55;NW;114.13;NW;109.40;NW;105.65;N;103.14;N;102.08;N;102.56;N;104.54;N;107.85;N;112.24;NE;117.44;NE;123.17;NE;129.20;NE;135.34;NE;141.44;NE;147.41;NE;153.14;NE;158.60;NE;163.73;NE;168.53;NE;172.96;NE;177.03;NE;180.73;NE;184.07;E;187.05;E;189.69;E;192.00;E;193.99;E;195.66;E;197.04;E;198.14;E;198.98;E;199.55;E;199.89;E;200.00;E;199.90;E;199.59;E;199.09;E;198.42;E;197.58;E;196.58;E;195.44;E;194.17;E;192.76;E;191.25;E;189.62;E;187.90;E;186.08;E;184.18;E;182.21;E;180.17;E;178.06;E;175.90;E;173.68;E;171.43;E;169.13;E;166.80;E;164.43;E;162.05;E;159.64;E;157.21;E;154.77;E
58.65;197.93;W;198.70;W;199.30;W;199.73;W;199.96;W;199.99;W;199.80;W;199.39;W;198.74;W;197.83;W;196.66;W;195.22;W;193.49;W;191.45;W;189.11;NW;186.45;NW;183.47;NW;180.16;NW;176.51;NW;172.54;NW;168.25;NW;163.65;NW;158.78;NW;153.68;NW;148.38;NW;142.98;NW;137.56;NW;132.26;NW;127.21;NW;122.61;NW;118.66;N;115.56;N;113.51;N;112.65;N;113.04;N;114.65;N;117.37;N;121.03;NE;125.41;NE;130.31;NE;135.54;NE;140.93;NE;146.35;NE;151.69;NE;156.88;NE;161.84;NE;166.54;NE;170.95;NE;175.05;NE;178.82;NE;182.26;NE;185.36;NE;188.15;NE;190.61;E;192.75;E;194.60;E;196.15;E;197.42;E;198.42;E;199.17;E;199.67;E;199.94;E;199.99;E;199.84;E;199.48;E;198.95;E;198.24;E;197.37;E;196.35;E;195.18;E;193.89;E;192.47;E;190.94;E;189.30;E;187.57;E;185.75;E;183.84;E;181.86;E;179.82;E;177.71;E;175.54;E;173.33;E;171.07;E;168.78;E;166.45;E;164.09;E;161.70;E;159.30;E;156.87;E;154.44;E
59.66;197.70;W;198.51;W;199.16;W;199.63;W;199.91;W;200.00;W;199.88;W;199.55;W;198.98;W;198.18;W;197.12;W;195.80;W;194.22;NW;192.34;NW;190.19;NW;187.73;NW;184.98;NW;181.92;NW;178.57;NW;174.93;NW;171.01;NW;166.83;NW;162.42;NW;157.82;NW;153.10;NW;148.31;NW;143.56;NW;138.95;NW;134.62;NW;130.71;NW;127.39;N;124.81;N;123.12;N;122.41;N;122.73;N;124.06;N;126.32;N;129.37;NE;133.08;NE;137.27;NE;141.79;NE;146.51;NE;151.29;NE;156.05;NE;160.70;NE;165.18;NE;169.45;NE;173.48;NE;177.23;NE;180.69;NE;183.86;NE;186.72;NE;189.29;NE;191.56;NE;193.54;NE;195.24;NE;196.66;E;197.81;E;198.71;E;199.36;E;199.78;E;199.98;E;199.97;E;199.76;E;199.35;E;198.78;E;198.03;E;197.13;E;196.07;E;194.89;E;193.57;E;192.13;E;190.59;E;188.94;E;187.19;E;185.36;E;183.45;E;181.47;E;179.42;E;177.31;E;175.14;E;172.93;E;170.67;E;168.38;E;166.05;E;163.69;E;161.31;E;158.91;E;156.49;E;154.06;E
60.67;197.44;W;198.29;W;198.98;W;199.50;W;199.84;W;199.99;W;199.95;W;199.69;W;199.22;W;198.52;NW;197.59;NW;196.40;NW;194.96;NW;193.26;NW;191.28;NW;189.04;NW;186.52;NW;183.73;NW;180.67;NW;177.36;NW;173.80;NW;170.03;NW;166.07;NW;161.96;NW;157.77;NW;153.55;NW;149.40;NW;145.40;NW;141.68;NW;138.36;NW;135.56;N;133.40;N;131.99;N;131.41;N;131.67;N;132.78;N;134.66;N;137.23;N;140.37;NE;143.96;NE;147.86;NE;151.97;NE;156.17;NE;160.38;NE;164.53;NE;168.55;NE;172.40;NE;176.04;NE;179.45;NE;182.61;NE;185.50;NE;188.12;NE;190.47;NE;192.54;NE;194.35;NE;195.89;NE;197.17;NE;198.20;NE;198.99;E;199.54;E;199.88;E;200.00;E;199.92;E;199.65;E;199.19;E;198.57;E;197.78;E;196.84;E;195.76;E;194.55;E;193.21;E;191.75;E;190.19;E;188.53;E;186.77;E;184.93;E;183.02;E;181.03;E;178.97;E;176.86;E;174.70;E;172.48;E;170.23;E;167.94;E;165.61;E;163.26;E;160.88;E;158.48;E;156.07;E;153.65;E
61.69;197.15;W;198.03;W;198.76;W;199.34;W;199.74;W;199.96;W;199.99;W;199.82;NW;199.45;NW;198.86;NW;198.04;NW;196.99;NW;195.70;NW;194.17;NW;192.39;NW;190.36;NW;188.08;NW;185.55;NW;182.78;NW;179.79;NW;176.59;NW;173.21;NW;169.67;NW;166.02;NW;162.32;NW;158.62;NW;155.00;NW;151.55;NW;148.35;NW;145.52;N;143.15;N;141.34;N;140.16;N;139.67;N;139.89;N;140.81;N;142.39;N;144.56;N;147.23;NE;150.30;NE;153.67;NE;157.24;NE;160.92;NE;164.63;NE;168.30;NE;171.88;NE;175.33;NE;178.60;NE;181.68;NE;184.53;NE;187.15;NE;189.52;NE;191.65;NE;193.53;NE;195.15;NE;196.53;NE;197.67;NE;198.57;NE;199.25;NE;199.70;NE;199.95;E;199.99;E;199.84;E;199.51;E;199.00;E;198.33;E;197.50;E;196.52;E;195.41;E;194.17;E;192.80;E;191.33;E;189.75;E;188.07;E;186.31;E;184.46;E;182.53;E;180.54;E;178.48;E;176.37;E;174.20;E;171.99;E;169.74;E;167.45;E;165.12;E;162.78;E;160.40;E;158.01;E;155.60;E;153.19;E
62.70;196.80;W;197.73;W;198.51;W;199.14;W;199.60;W;199.89;NW;200.00;NW;199.92;NW;199.64;NW;199.16;NW;198.47;NW;197.56;NW;196.43;NW;195.07;NW;193.48;NW;191.66;NW;189.61;NW;187.34;NW;184.86;NW;182.18;NW;179.32;NW;176.31;NW;173.17;NW;169.95;NW;166.70;NW;163.46;NW;160.32;NW;157.34;NW;154.60;NW;152.18;N;150.17;N;148.64;N;147.65;N;147.24;N;147.43;N;148.20;N;149.53;N;151.37;N;153.64;N;156.27;NE;159.17;NE;162.26;NE;165.47;NE;168.72;NE;171.96;NE;175.14;NE;178.20;NE;181.12;NE;183.87;NE;186.43;NE;188.78;NE;190.91;NE;192.81;NE;194.49;NE;195.94;NE;197.16;NE;198.15;NE;198.93;NE;199.49;NE;199.84;NE;199.99;NE;199.95;NE;199.73;NE;199.33;E;198.77;E;198.04;E;197.17;E;196.16;E;195.01;E;193.74;E;192.35;E;190.86;E;189.26;E;187.57;E;185.79;E;183.93;E;182.00;E;180.00;E;177.94;E;175.83;E;173.66;E;171.45;E;169.20;E;166.91;E;164.59;E;162.25;E;159.88;E;157.50;E;155.10;E;152.68;E
63.71;196.42;W;197.39;W;198.22;NW;198.90;NW;199.42;NW;199.78;NW;199.97;NW;199.98;NW;199.81;NW;199.44;NW;198.87;NW;198.10;NW;197.12;NW;195.93;NW;194.53;NW;192.92;NW;191.10;NW;189.08;NW;186.88;NW;184.50;NW;181.96;NW;179.30;NW;176.53;NW;173.70;NW;170.85;NW;168.04;NW;165.32;NW;162.75;NW;160.40;N;158.34;N;156.63;N;155.34;N;154.50;N;154.15;N;154.31;N;154.97;N;156.09;N;157.65;N;159.58;N;161.83;NE;164.32;NE;167.00;NE;169.78;NE;172.62;NE;175.47;NE;178.26;NE;180.97;NE;183.56;NE;186.00;NE;188.27;NE;190.36;NE;192.25;NE;193.94;NE;195.42;NE;196.69;NE;197.75;NE;198.60;NE;199.24;NE;199.69;NE;199.94;NE;200.00;NE;199.88;NE;199.58;NE;199.12;NE;198.49;NE;197.72;E;196.80;E;195.75;E;194.57;E;193.27;E;191.86;E;190.34;E;188.73;E;187.02;E;185.23;E;183.36;E;181.42;E;179.42;E;177.36;E;175.24;E;173.07;E;170.86;E;168.61;E;166.33;E;164.02;E;161.68;E;159.32;E;156.94;E;154.55;E;152.14;E
64.72;195.99;NW;197.00;NW;197.88;NW;198.61;NW;199.20;NW;199.63;NW;199.90;NW;200.00;NW;199.92;NW;199.66;NW;199.22;NW;198.59;NW;197.76;NW;196.74;NW;195.52;NW;194.11;NW;192.52;NW;190.75;NW;188.80;NW;186.71;NW;184.48;NW;182.13;NW;179.71;NW;177.24;NW;174.76;NW;172.32;NW;169.97;NW;167.76;NW;165.75;N;164.00;N;162.55;N;161.45;N;160.74;N;160.45;N;160.58;N;161.13;N;162.09;N;163.41;N;165.06;N;166.98;N;169.12;NE;171.42;NE;173.83;NE;176.30;NE;178.78;NE;181.23;NE;183.60;NE;185.88;NE;188.03;NE;190.03;NE;191.87;NE;193.53;NE;195.01;NE;196.30;NE;197.40;NE;198.30;NE;199.00;NE;199.52;NE;199.85;NE;199.99;NE;199.96;NE;199.75;NE;199.38;NE;198.85;NE;198.17;NE;197.35;NE;196.39;NE;195.29;NE;194.08;E;192.75;E;191.31;E;189.77;E;188.14;E;186.42;E;184.62;E;182.74;E;180.80;E;178.79;E;176.72;E;174.60;E;172.44;E;170.23;E;167.98;E;165.70;E;163.40;E;161.06;E;158.71;E;156.34;E;153.95;E;151.56;E
65.73;195.51;NW;196.56;NW;197.49;NW;198.28;NW;198.93;NW;199.43;NW;199.78;NW;199.97;NW;199.99;NW;199.84;NW;199.52;NW;199.02;NW;198.34;NW;197.48;NW;196.45;NW;195.23;NW;193.85;NW;192.31;NW;190.62;NW;188.79;NW;186.84;NW;184.80;NW;182.69;NW;180.55;NW;178.40;NW;176.29;NW;174.27;NW;172.38;N;170.66;N;169.16;N;167.93;N;167.00;N;166.41;N;166.16;N;166.27;N;166.74;N;167.54;N;168.67;N;170.07;N;171.71;N;173.54;NE;175.52;NE;177.60;NE;179.73;NE;181.88;NE;184.01;NE;186.08;NE;188.06;NE;189.94;NE;191.69;NE;193.29;NE;194.73;NE;196.01;NE;197.11;NE;198.04;NE;198.78;NE;199.35;NE;199.74;NE;199.95;NE;199.99;NE;199.87;NE;199.58;NE;199.14;NE;198.54;NE;197.80;NE;196.93;NE;195.92;NE;194.79;NE;193.54;NE;192.18;NE;190.72;E;189.16;E;187.51;E;185.77;E;183.96;E;182.08;E;180.12;E;178.11;E;176.04;E;173.92;E;171.76;E;169.55;E;167.31;E;165.03;E;162.73;E;160.41;E;158.06;E;155.69;E;153.32;E;150.93;E
66.74;194.97;NW;196.07;NW;197.04;NW;197.89;NW;198.60;NW;199.18;NW;199.60;NW;199.88;NW;200.00;NW;199.95;NW;199.75;NW;199.38;NW;198.85;NW;198.15;NW;197.28;NW;196.26;NW;195.08;NW;193.76;NW;192.30;NW;190.72;NW;189.03;NW;187.27;NW;185.45;NW;183.60;NW;181.75;NW;179.94;NW;178.21;NW;176.59;N;175.13;N;173.86;N;172.81;N;172.03;N;171.52;N;171.31;N;171.41;N;171.80;N;172.48;N;173.43;N;174.62;N;176.02;N;177.58;NE;179.28;NE;181.06;NE;182.90;NE;184.75;NE;186.59;NE;188.38;NE;190.09;NE;191.71;NE;193.22;NE;194.60;NE;195.83;NE;196.91;NE;197.84;NE;198.60;NE;199.20;NE;199.63;NE;199.90;NE;200.00;NE;199.94;NE;199.72;NE;199.35;NE;198.84;NE;198.18;NE;197.38;NE;196.45;NE;195.40;NE;194.23;NE;192.95;NE;191.56;NE;190.07;NE;188.49;NE;186.83;E;185.08;E;183.25;E;181.36;E;179.40;E;177.38;E;175.31;E;173.19;E;171.03;E;168.83;E;166.59;E;164.32;E;162.02;E;159.70;E;157.37;E;155.01;E;152.64;E;150.27;E
67.75;194.39;NW;195.52;NW;196.55;NW;197.45;NW;198.22;NW;198.86;NW;199.36;NW;199.72;NW;199.94;NW;200.00;NW;199.91;NW;199.67;NW;199.27;NW;198.72;NW;198.02;NW;197.18;NW;196.19;NW;195.07;NW;193.83;NW;192.48;NW;191.04;NW;189.53;NW;187.97;NW;186.39;NW;184.81;NW;183.27;NW;181.79;NW;180.41;N;179.17;N;178.09;N;177.21;N;176.55;N;176.12;N;175.94;N;176.02;N;176.36;N;176.93;N;177.74;N;178.74;N;179.93;N;181.26;N;182.70;NE;184.22;NE;185.79;NE;187.38;NE;188.95;NE;190.48;NE;191.95;NE;193.33;NE;194.62;NE;195.78;NE;196.82;NE;197.72;NE;198.48;NE;199.08;NE;199.54;NE;199.84;NE;199.98;NE;199.98;NE;199.82;NE;199.52;NE;199.07;NE;198.48;NE;197.75;NE;196.90;NE;195.93;NE;194.83;NE;193.62;NE;192.31;NE;190.89;NE;189.38;NE;187.78;NE;186.09;NE;184.33;NE;182.50;NE;180.60;E;178.63;E;176.61;E;174.54;E;172.42;E;170.26;E;168.06;E;165.82;E;163.56;E;161.27;E;158.96;E;156.63;E;154.28;E;151.93;E;149.56;E
68.76;193.74;NW;194.92;NW;195.99;NW;196.94;NW;197.78;NW;198.48;NW;199.06;NW;199.50;NW;199.80;NW;199.97;NW;199.99;NW;199.87;NW;199.61;NW;199.20;NW;198.66;NW;197.98;NW;197.17;NW;196.24;NW;195.21;NW;194.07;NW;192.86;NW;191.58;NW;190.26;NW;188.91;NW;187.57;NW;186.26;NW;185.01;N;183.85;N;182.80;N;181.89;N;181.14;N;180.59;N;180.23;N;180.08;N;180.14;N;180.43;N;180.91;N;181.59;N;182.44;N;183.44;N;184.56;N;185.78;NE;187.07;NE;188.40;NE;189.75;NE;191.08;NE;192.38;NE;193.62;NE;194.79;NE;195.86;NE;196.83;NE;197.69;NE;198.42;NE;199.01;NE;199.47;NE;199.79;NE;199.96;NE;199.99;NE;199.88;NE;199.63;NE;199.24;NE;198.71;NE;198.06;NE;197.27;NE;196.37;NE;195.34;NE;194.20;NE;192.96;NE;191.61;NE;190.17;NE;188.63;NE;187.01;NE;185.31;NE;183.54;NE;181.69;NE;179.78;NE;177.81;NE;175.79;E;173.72;E;171.60;E;169.44;E;167.24;E;165.02;E;162.76;E;160.48;E;158.18;E;155.85;E;153.52;E;151.17;E;148.82;E
69.78;193.04;NW;194.26;NW;195.37;NW;196.38;NW;197.27;NW;198.04;NW;198.68;NW;199.20;NW;199.60;NW;199.86;NW;199.99;NW;199.98;NW;199.84;NW;199.57;NW;199.18;NW;198.65;NW;198.01;NW;197.27;NW;196.42;NW;195.48;NW;194.47;NW;193.40;NW;192.29;NW;191.16;NW;190.04;NW;188.94;NW;187.89;N;186.91;N;186.03;N;185.26;N;184.64;N;184.17;N;183.87;N;183.75;N;183.80;N;184.04;N;184.44;N;185.01;N;185.72;N;186.56;N;187.51;N;188.53;N;189.62;NE;190.74;NE;191.87;NE;192.98;NE;194.07;NE;195.10;NE;196.07;NE;196.96;NE;197.74;NE;198.43;NE;198.99;NE;199.44;NE;199.76;NE;199.94;NE;200.00;NE;199.92;NE;199.71;NE;199.37;NE;198.90;NE;198.30;NE;197.57;NE;196.73;NE;195.77;NE;194.70;NE;193.52;NE;192.24;NE;190.86;NE;189.39;NE;187.83;NE;186.19;NE;184.48;NE;182.69;NE;180.83;NE;178.92;NE;176.95;NE;174.92;NE;172.85;NE;170.73;NE;168.58;E;166.39;E;164.16;E;161.92;E;159.64;E;157.35;E;155.04;E;152.71;E;150.38;E;148.03;E
70.79;192.28;NW;193.54;NW;194.70;NW;195.75;NW;196.69;NW;197.52;NW;198.24;NW;198.83;NW;199.31;NW;199.66;NW;199.89;NW;199.99;NW;199.97;NW;199.83;NW;199.57;NW;199.20;NW;198.71;NW;198.13;NW;197.45;NW;196.70;NW;195.87;NW;194.99;NW;194.08;NW;193.14;NW;192.21;NW;191.29;N;190.42;N;189.60;N;188.87;N;188.24;N;187.72;N;187.33;N;187.08;N;186.97;N;187.02;N;187.21;N;187.55;N;188.02;N;188.62;N;189.32;N;190.10;N;190.96;N;191.86;NE;192.79;NE;193.73;NE;194.65;NE;195.55;NE;196.39;NE;197.18;NE;197.88;NE;198.50;NE;199.03;NE;199.44;NE;199.75;NE;199.93;NE;200.00;NE;199.94;NE;199.76;NE;199.46;NE;199.03;NE;198.48;NE;197.81;NE;197.02;NE;196.12;NE;195.11;NE;193.99;NE;192.77;NE;191.46;NE;190.05;NE;188.55;NE;186.97;NE;185.32;NE;183.59;NE;181.79;NE;179.93;NE;178.01;NE;176.03;NE;174.01;NE;171.93;NE;169.82;NE;167.67;NE;165.48;NE;163.27;E;161.03;E;158.76;E;156.48;E;154.18;E;151.87;E;149.54;E;147.21;E
71.80;191.47;NW;192.76;NW;193.95;NW;195.05;NW;196.05;NW;196.93;NW;197.71;NW;198.38;NW;198.94;NW;199.37;NW;199.70;NW;199.90;NW;199.99;NW;199.97;NW;199.84;NW;199.60;NW;199.26;NW;198.83;NW;198.31;NW;197.72;NW;197.07;NW;196.36;NW;195.62;NW;194.86;NW;194.09;NW;193.34;N;192.62;N;191.95;N;191.35;N;190.82;N;190.40;N;190.07;N;189.87;N;189.78;N;189.82;N;189.98;N;190.26;N;190.65;N;191.14;N;191.72;N;192.36;N;193.07;N;193.81;NE;194.57;NE;195.33;NE;196.08;NE;196.80;NE;197.48;NE;198.10;NE;198.64;NE;199.11;NE;199.48;NE;199.76;NE;199.94;NE;200.00;NE;199.95;NE;199.79;NE;199.51;NE;199.12;NE;198.60;NE;197.98;NE;197.24;NE;196.39;NE;195.44;NE;194.38;NE;193.22;NE;191.97;NE;190.62;NE;189.18;NE;187.66;NE;186.07;NE;184.39;NE;182.65;NE;180.84;NE;178.97;NE;177.05;NE;175.07;NE;173.04;NE;170.97;NE;168.86;NE;166.72;NE;164.54;NE;162.33;NE;160.10;NE;157.85;NE;155.57;E;153.28;E;150.98;E;148.67;E;146.36;E
72.81;190.59;NW;191.91;NW;193.15;NW;194.29;NW;195.33;NW;196.27;NW;197.11;NW;197.85;NW;198.48;NW;199.00;NW;199.41;NW;199.71;NW;199.90;NW;199.99;NW;199.98;NW;199.87;NW;199.66;NW;199.37;NW;199.00;NW;198.55;NW;198.05;NW;197.50;NW;196.92;NW;196.31;NW;195.70;NW;195.09;N;194.51;N;193.97;N;193.48;N;193.05;N;192.70;N;192.44;N;192.27;N;192.20;N;192.23;N;192.36;N;192.59;N;192.91;N;193.31;N;193.78;N;194.30;N;194.87;N;195.47;N;196.08;NE;196.69;NE;197.29;NE;197.85;NE;198.37;NE;198.84;NE;199.24;NE;199.56;NE;199.80;NE;199.95;NE;200.00;NE;199.95;NE;199.80;NE;199.53;NE;199.17;NE;198.69;NE;198.10;NE;197.40;NE;196.60;NE;195.70;NE;194.69;NE;193.59;NE;192.39;NE;191.10;NE;189.72;NE;188.26;NE;186.72;NE;185.10;NE;183.42;NE;181.66;NE;179.84;NE;177.97;NE;176.04;NE;174.06;NE;172.04;NE;169.97;NE;167.86;NE;165.72;NE;163.55;NE;161.35;NE;159.13;NE;156.89;NE;154.63;NE;152.35;NE;150.06;E;147.76;E;145.46;E
73.82;189.65;NW;191.00;NW;192.27;NW;193.45;NW;194.54;NW;195.54;NW;196.43;NW;197.23;NW;197.93;NW;198.53;NW;199.02;NW;199.41;NW;199.70;NW;199.89;NW;199.99;NW;199.99;NW;199.91;NW;199.74;NW;199.50;NW;199.19;NW;198.83;NW;198.42;NW;197.98;NW;197.51;NW;197.03;N;196.56;N;196.10;N;195.67;N;195.27;N;194.93;N;194.65;N;194.44;N;194.31;N;194.25;N;194.28;N;194.38;N;194.57;N;194.82;N;195.14;N;195.51;N;195.93;N;196.38;N;196.85;N;197.33;NE;197.80;NE;198.26;NE;198.68;NE;199.06;NE;199.39;NE;199.66;NE;199.85;NE;199.97;NE;200.00;NE;199.94;NE;199.78;NE;199.53;NE;199.18;NE;198.72;NE;198.17;NE;197.51;NE;196.75;NE;195.89;NE;194.93;NE;193.88;NE;192.73;NE;191.49;NE;190.17;NE;188.76;NE;187.28;NE;185.72;NE;184.08;NE;182.38;NE;180.62;NE;178.80;NE;176.92;NE;174.99;NE;173.01;NE;170.98;NE;168.92;NE;166.82;NE;164.69;NE;162.52;NE;160.33;NE;158.12;NE;155.89;NE;153.64;NE;151.38;NE;149.10;NE;146.82;NE;144.53;E
74.83;188.65;NW;190.03;NW;191.33;NW;192.55;NW;193.68;NW;194.72;NW;195.67;NW;196.53;NW;197.29;NW;197.96;NW;198.53;NW;199.00;NW;199.38;NW;199.67;NW;199.86;NW;199.97;NW;200.00;NW;199.95;NW;199.83;NW;199.65;NW;199.41;NW;199.13;NW;198.81;NW;198.46;NW;198.11;N;197.75;N;197.39;N;197.06;N;196.76;N;196.49;N;196.27;N;196.11;N;196.00;N;195.96;N;195.98;N;196.06;N;196.20;N;196.40;N;196.65;N;196.94;N;197.26;N;197.61;N;197.97;N;198.33;N;198.68;NE;199.01;NE;199.31;NE;199.56;NE;199.77;NE;199.91;NE;199.99;NE;199.99;NE;199.91;NE;199.75;NE;199.50;NE;199.16;NE;198.72;NE;198.18;NE;197.56;NE;196.83;NE;196.01;NE;195.09;NE;194.09;NE;192.99;NE;191.80;NE;190.53;NE;189.18;NE;187.75;NE;186.24;NE;184.66;NE;183.01;NE;181.30;NE;179.53;NE;177.70;NE;175.82;NE;173.88;NE;171.90;NE;169.88;NE;167.83;NE;165.73;NE;163.61;NE;161.45;NE;159.27;NE;157.07;NE;154.85;NE;152.62;NE;150.37;NE;148.11;NE;145.84;NE;143.57;NE
75.84;187.58;NW;188.99;NW;190.33;NW;191.58;NW;192.75;NW;193.84;NW;194.83;NW;195.74;NW;196.57;NW;197.30;NW;197.94;NW;198.49;NW;198.95;NW;199.32;NW;199.61;NW;199.81;NW;199.94;NW;200.00;NW;199.99;NW;199.91;NW;199.79;NW;199.62;NW;199.41;NW;199.18;N;198.93;N;198.67;N;198.41;N;198.17;N;197.94;N;197.74;N;197.57;N;197.45;N;197.37;N;197.33;N;197.35;N;197.41;N;197.52;N;197.67;N;197.86;N;198.08;N;198.32;N;198.57;N;198.83;N;199.09;N;199.33;NE;199.55;NE;199.73;NE;199.87;NE;199.97;NE;200.00;NE;199.97;NE;199.87;NE;199.69;NE;199.44;NE;199.10;NE;198.67;NE;198.15;NE;197.55;NE;196.85;NE;196.07;NE;195.19;NE;194.22;NE;193.17;NE;192.03;NE;190.81;NE;189.51;NE;188.13;NE;186.67;NE;185.14;NE;183.55;NE;181.89;NE;180.17;NE;178.39;NE;176.55;NE;174.67;NE;172.73;NE;170.76;NE;168.74;NE;166.69;NE;164.60;NE;162.48;NE;160.34;NE;158.17;NE;155.99;NE;153.78;NE;151.56;NE;149.32;NE;147.08;NE;144.83;NE;142.57;NE
76.85;186.46;NW;187.89;NW;189.25;NW;190.54;NW;191.74;NW;192.87;NW;193.91;NW;194.87;NW;195.75;NW;196.54;NW;197.24;NW;197.86;NW;198.40;NW;198.85;NW;199.22;NW;199.51;NW;199.73;NW;199.88;NW;199.97;NW;200.00;NW;199.98;NW;199.91;NW;199.80;NW;199.67;N;199.51;N;199.34;N;199.17;N;199.00;N;198.84;N;198.70;N;198.58;N;198.49;N;198.43;N;198.40;N;198.41;N;198.46;N;198.54;N;198.65;N;198.78;N;198.94;N;199.10;N;199.28;N;199.45;N;199.61;N;199.75;NE;199.87;NE;199.96;NE;200.00;NE;199.99;NE;199.92;NE;199.80;NE;199.61;NE;199.34;NE;199.00;NE;198.58;NE;198.07;NE;197.49;NE;196.81;NE;196.06;NE;195.21;NE;194.29;NE;193.27;NE;192.18;NE;191.00;NE;189.75;NE;188.42;NE;187.01;NE;185.54;NE;183.99;NE;182.38;NE;180.71;NE;178.98;NE;177.19;NE;175.36;NE;173.47;NE;171.54;NE;169.57;NE;167.56;NE;165.51;NE;163.43;NE;161.32;NE;159.19;NE;157.04;NE;154.86;NE;152.67;NE;150.46;NE;148.24;NE;146.01;NE;143.78;NE;141.54;NE
77.87;185.28;NW;186.73;NW;188.12;NW;189.43;NW;190.67;NW;191.83;NW;192.91;NW;193.92;NW;194.84;NW;195.69;NW;196.45;NW;197.13;NW;197.73;NW;198.26;NW;198.70;NW;199.08;NW;199.38;NW;199.62;NW;199.79;NW;199.91;NW;199.98;NW;200.00;NW;199.98;N;199.94;N;199.86;N;199.77;N;199.67;N;199.57;N;199.47;N;199.38;N;199.30;N;199.24;N;199.20;N;199.19;N;199.19;N;199.22;N;199.28;N;199.35;N;199.43;N;199.53;N;199.64;N;199.74;N;199.83;N;199.91;N;199.97;N;200.00;NE;199.99;NE;199.94;NE;199.84;NE;199.69;NE;199.48;NE;199.20;NE;198.85;NE;198.44;NE;197.94;NE;197.37;NE;196.72;NE;195.98;NE;195.17;NE;194.28;NE;193.30;NE;192.25;NE;191.12;NE;189.91;NE;188.62;NE;187.26;NE;185.84;NE;184.34;NE;182.78;NE;181.16;NE;179.48;NE;177.74;NE;175.95;NE;174.11;NE;172.23;NE;170.30;NE;168.33;NE;166.33;NE;164.29;NE;162.22;NE;160.12;NE;158.00;NE;155.86;NE;153.70;NE;151.52;NE;149.33;NE;147.13;NE;144.92;NE;142.70;NE;140.48;NE
78.88;184.04;NW;185.51;NW;186.91;NW;188.25;NW;189.52;NW;190.71;NW;191.83;NW;192.88;NW;193.85;NW;194.74;NW;195.56;NW;196.30;NW;196.96;NW;197.55;NW;198.06;NW;198.51;NW;198.89;NW;199.20;NW;199.45;NW;199.65;NW;199.80;NW;199.90;NW;199.97;N;200.00;N;200.00;N;199.98;N;199.94;N;199.90;N;199.85;N;199.81;N;199.76;N;199.73;N;199.71;N;199.70;N;199.70;N;199.72;N;199.75;N;199.79;N;199.83;N;199.88;N;199.93;N;199.97;N;199.99;N;200.00;N;199.98;N;199.93;NE;199.84;NE;199.71;NE;199.54;NE;199.30;NE;199.01;NE;198.66;NE;198.24;NE;197.75;NE;197.19;NE;196.56;NE;195.85;NE;195.06;NE;194.20;NE;193.25;NE;192.24;NE;191.15;NE;189.98;NE;188.74;NE;187.43;NE;186.05;NE;184.60;NE;183.09;NE;181.52;NE;179.88;NE;178.20;NE;176.45;NE;174.66;NE;172.82;NE;170.94;NE;169.02;NE;167.05;NE;165.06;NE;163.03;NE;160.97;NE;158.89;NE;156.78;NE;154.65;NE;152.50;NE;150.34;NE;148.17;NE;145.98;NE;143.79;NE;141.59;NE;139.38;NE
79.89;182.74;NW;184.22;NW;185.65;NW;187.01;NW;188.30;NW;189.52;NW;190.68;NW;191.76;NW;192.77;NW;193.71;NW;194.57;NW;195.36;NW;196.08;NW;196.72;NW;197.30;NW;197.81;NW;198.26;NW;198.64;NW;198.96;NW;199.23;NW;199.45;NW;199.63;NW;199.76;N;199.86;N;199.93;N;199.97;N;199.99;N;200.00;N;200.00;N;199.99;N;199.98;N;199.97;N;199.96;N;199.96;N;199.96;N;199.97;N;199.98;N;199.99;N;200.00;N;200.00;N;200.00;N;199.98;N;199.94;N;199.89;N;199.80;N;199.68;N;199.52;NE;199.32;NE;199.07;NE;198.77;NE;198.41;NE;197.99;NE;197.50;NE;196.95;NE;196.33;NE;195.64;NE;194.88;NE;194.04;NE;193.13;NE;192.15;NE;191.09;NE;189.97;NE;188.77;NE;187.50;NE;186.17;NE;184.77;NE;183.31;NE;181.78;NE;180.20;NE;178.56;NE;176.86;NE;175.12;NE;173.33;NE;171.49;NE;169.61;NE;167.69;NE;165.74;NE;163.75;NE;161.73;NE;159.68;NE;157.61;NE;155.52;NE;153.40;NE;151.27;NE;149.13;NE;146.97;NE;144.80;NE;142.63;NE;140.45;NE;138.26;NE
80.90;181.38;NW;182.88;NW;184.32;NW;185.70;NW;187.01;NW;188.26;NW;189.44;NW;190.56;NW;191.60;NW;192.58;NW;193.49;NW;194.32;NW;195.09;NW;195.79;NW;196.42;NW;196.99;NW;197.49;NW;197.94;NW;198.32;NW;198.66;NW;198.94;NW;199.18;N;199.37;N;199.53;N;199.66;N;199.75;N;199.83;N;199.88;N;199.92;N;199.95;N;199.96;N;199.97;N;199.98;N;199.98;N;199.98;N;199.98;N;199.97;N;199.95;N;199.93;N;199.90;N;199.85;N;199.78;N;199.70;N;199.58;N;199.44;N;199.26;N;199.03;NE;198.77;NE;198.45;NE;198.09;NE;197.67;NE;197.19;NE;196.64;NE;196.03;NE;195.36;NE;194.62;NE;193.81;NE;192.93;NE;191.98;NE;190.96;NE;189.87;NE;188.72;NE;187.49;NE;186.20;NE;184.85;NE;183.43;NE;181.95;NE;180.42;NE;178.82;NE;177.18;NE;175.48;NE;173.74;NE;171.94;NE;170.11;NE;168.24;NE;166.32;NE;164.38;NE;162.40;NE;160.39;NE;158.36;NE;156.30;NE;154.22;NE;152.12;NE;150.01;NE;147.88;NE;145.74;NE;143.59;NE;141.43;NE;139.27;NE;137.11;NE
81.91;179.97;NW;181.48;NW;182.93;NW;184.32;NW;185.66;NW;186.93;NW;188.14;NW;189.28;NW;190.36;NW;191.37;NW;192.31;NW;193.19;NW;194.00;NW;194.74;NW;195.42;NW;196.04;NW;196.60;NW;197.10;NW;197.54;NW;197.93;NW;198.27;NW;198.56;N;198.81;N;199.03;N;199.20;N;199.35;N;199.47;N;199.56;N;199.63;N;199.69;N;199.73;N;199.76;N;199.78;N;199.78;N;199.78;N;199.77;N;199.74;N;199.71;N;199.66;N;199.59;N;199.51;N;199.40;N;199.26;N;199.10;N;198.90;N;198.66;N;198.39;N;198.06;NE;197.69;NE;197.27;NE;196.80;NE;196.26;NE;195.67;NE;195.01;NE;194.29;NE;193.50;NE;192.65;NE;191.73;NE;190.75;NE;189.69;NE;188.58;NE;187.39;NE;186.15;NE;184.84;NE;183.46;NE;182.03;NE;180.54;NE;179.00;NE;177.40;NE;175.75;NE;174.05;NE;172.31;NE;170.52;NE;168.69;NE;166.82;NE;164.92;NE;162.98;NE;161.01;NE;159.02;NE;157.00;NE;154.95;NE;152.89;NE;150.81;NE;148.71;NE;146.60;NE;144.48;NE;142.35;NE;140.21;NE;138.07;NE;135.93;NE
82.92;178.50;NW;180.02;NW;181.48;NW;182.89;NW;184.24;NW;185.53;NW;186.76;NW;187.93;NW;189.03;NW;190.07;NW;191.05;NW;191.96;NW;192.81;NW;193.60;NW;194.32;NW;194.98;NW;195.59;NW;196.13;NW;196.62;NW;197.06;NW;197.45;N;197.80;N;198.10;N;198.35;N;198.58;N;198.76;N;198.92;N;199.05;N;199.15;N;199.24;N;199.30;N;199.34;N;199.37;N;199.38;N;199.37;N;199.35;N;199.32;N;199.26;N;199.19;N;199.09;N;198.97;N;198.83;N;198.65;N;198.44;N;198.20;N;197.91;N;197.59;N;197.22;NE;196.80;NE;196.33;NE;195.80;NE;195.22;NE;194.58;NE;193.88;NE;193.11;NE;192.29;NE;191.40;NE;190.45;NE;189.43;NE;188.35;NE;187.21;NE;186.00;NE;184.73;NE;183.41;NE;182.02;NE;180.58;NE;179.08;NE;177.53;NE;175.92;NE;174.27;NE;172.57;NE;170.83;NE;169.05;NE;167.22;NE;165.36;NE;163.47;NE;161.54;NE;159.59;NE;157.61;NE;155.60;NE;153.57;NE;151.53;NE;149.46;NE;147.38;NE;145.29;NE;143.19;NE;141.08;NE;138.96;NE;136.85;NE;134.72;NE
83.93;176.98;NW;178.50;NW;179.98;NW;181.40;NW;182.76;NW;184.06;NW;185.31;NW;186.50;NW;187.63;NW;188.69;NW;189.70;NW;190.64;NW;191.53;NW;192.35;NW;193.11;NW;193.81;NW;194.46;NW;195.05;NW;195.58;NW;196.06;NW;196.50;N;196.88;N;197.22;N;197.52;N;197.78;N;198.01;N;198.20;N;198.36;N;198.49;N;198.59;N;198.68;N;198.73;N;198.77;N;198.78;N;198.78;N;198.75;N;198.70;N;198.63;N;198.53;N;198.41;N;198.26;N;198.08;N;197.87;N;197.63;N;197.34;N;197.02;N;196.65;N;196.23;NE;195.77;NE;195.25;NE;194.69;NE;194.06;NE;193.38;NE;192.64;NE;191.84;NE;190.98;NE;190.06;NE;189.08;NE;188.04;NE;186.93;NE;185.77;NE;184.54;NE;183.26;NE;181.92;NE;180.52;NE;179.07;NE;177.56;NE;176.01;NE;174.40;NE;172.75;NE;171.05;NE;169.31;NE;167.54;NE;165.72;NE;163.87;NE;161.99;NE;160.07;NE;158.13;NE;156.16;NE;154.17;NE;152.16;NE;150.13;NE;148.09;NE;146.03;NE;143.95;NE;141.87;NE;139.78;NE;137.69;NE;135.59;NE;133.49;NE
84.94;175.41;NW;176.94;NW;178.42;NW;179.84;NW;181.22;NW;182.53;NW;183.80;NW;185.00;NW;186.15;NW;187.24;NW;188.27;NW;189.24;NW;190.15;NW;191.00;NW;191.80;NW;192.54;NW;193.22;NW;193.84;NW;194.41;NW;194.93;NW;195.41;N;195.83;N;196.21;N;196.54;N;196.84;N;197.09;N;197.31;N;197.50;N;197.65;N;197.78;N;197.88;N;197.95;N;197.99;N;198.01;N;198.00;N;197.96;N;197.91;N;197.82;N;197.71;N;197.56;N;197.39;N;197.18;N;196.94;N;196.66;N;196.34;N;195.98;N;195.57;N;195.12;N;194.62;NE;194.06;NE;193.46;NE;192.80;NE;192.08;NE;191.31;NE;190.48;NE;189.59;NE;188.64;NE;187.64;NE;186.57;NE;185.44;NE;184.26;NE;183.02;NE;181.72;NE;180.37;NE;178.96;NE;177.50;NE;175.99;NE;174.44;NE;172.83;NE;171.18;NE;169.49;NE;167.76;NE;165.99;NE;164.18;NE;162.34;NE;160.47;NE;158.57;NE;156.64;NE;154.69;NE;152.71;NE;150.72;NE;148.71;NE;146.68;NE;144.64;NE;142.59;NE;140.53;NE;138.46;NE;136.39;NE;134.31;NE;132.23;NE
85.96;173.79;NW;175.32;NW;176.80;NW;178.24;NW;179.62;NW;180.95;NW;182.22;NW;183.44;NW;184.60;NW;185.71;NW;186.76;NW;187.76;NW;188.69;NW;189.57;NW;190.39;NW;191.16;NW;191.87;NW;192.53;NW;193.13;NW;193.69;N;194.19;N;194.65;N;195.06;N;195.42;N;195.75;N;196.03;N;196.28;N;196.49;N;196.66;N;196.80;N;196.91;N;196.99;N;197.04;N;197.06;N;197.05;N;197.01;N;196.95;N;196.85;N;196.72;N;196.56;N;196.36;N;196.13;N;195.86;N;195.55;N;195.20;N;194.81;N;194.37;N;193.88;N;193.35;NE;192.76;NE;192.13;NE;191.43;NE;190.69;NE;189.89;NE;189.03;NE;188.12;NE;187.14;NE;186.11;NE;185.03;NE;183.89;NE;182.69;NE;181.43;NE;180.13;NE;178.76;NE;177.35;NE;175.89;NE;174.38;NE;172.82;NE;171.22;NE;169.57;NE;167.88;NE;166.16;NE;164.40;NE;162.60;NE;160.77;NE;158.91;NE;157.03;NE;155.11;NE;153.18;NE;151.22;NE;149.25;NE;147.25;NE;145.25;NE;143.23;NE;141.20;NE;139.16;NE;137.11;NE;135.06;NE;133.01;NE;130.95;NE
86.97;172.13;NW;173.66;NW;175.14;NW;176.58;NW;177.96;NW;179.30;NW;180.58;NW;181.81;NW;182.99;NW;184.11;NW;185.18;NW;186.19;NW;187.15;NW;188.05;NW;188.90;NW;189.69;NW;190.43;NW;191.11;NW;191.74;NW;192.33;N;192.86;N;193.34;N;193.78;N;194.17;N;194.52;N;194.83;N;195.10;N;195.33;N;195.52;N;195.68;N;195.80;N;195.89;N;195.94;N;195.96;N;195.95;N;195.91;N;195.84;N;195.73;N;195.58;N;195.40;N;195.19;N;194.94;N;194.64;N;194.31;N;193.93;N;193.51;N;193.05;N;192.53;N;191.97;N;191.36;NE;190.69;NE;189.97;NE;189.20;NE;188.38;NE;187.50;NE;186.56;NE;185.57;NE;184.52;NE;183.42;NE;182.26;NE;181.05;NE;179.79;NE;178.47;NE;177.11;NE;175.69;NE;174.22;NE;172.71;NE;171.16;NE;169.56;NE;167.92;NE;166.24;NE;164.52;NE;162.77;NE;160.99;NE;159.17;NE;157.32;NE;155.45;NE;153.56;NE;151.64;NE;149.70;NE;147.75;NE;145.77;NE;143.79;NE;141.79;NE;139.78;NE;137.76;NE;135.74;NE;133.71;NE;131.68;NE;129.65;NE
87.98;170.42;NW;171.95;NW;173.43;NW;174.87;NW;176.25;NW;177.59;NW;178.88;NW;180.12;NW;181.31;NW;182.45;NW;183.53;NW;184.56;NW;185.53;NW;186.45;NW;187.32;NW;188.13;NW;188.89;NW;189.60;NW;190.25;N;190.86;N;191.41;N;191.92;N;192.38;N;192.80;N;193.17;N;193.50;N;193.79;N;194.03;N;194.24;N;194.41;N;194.54;N;194.64;N;194.70;N;194.72;N;194.71;N;194.66;N;194.58;N;194.46;N;194.31;N;194.12;N;193.88;N;193.61;N;193.30;N;192.95;N;192.55;N;192.10;N;191.61;N;191.07;N;190.49;N;189.85;NE;189.16;NE;188.42;NE;187.63;NE;186.78;NE;185.88;NE;184.93;NE;183.92;NE;182.86;NE;181.75;NE;180.58;NE;179.36;NE;178.09;NE;176.77;NE;175.40;NE;173.98;NE;172.51;NE;171.01;NE;169.45;NE;167.86;NE;166.23;NE;164.56;NE;162.85;NE;161.11;NE;159.34;NE;157.54;NE;155.71;NE;153.85;NE;151.97;NE;150.07;NE;148.16;NE;146.22;NE;144.27;NE;142.30;NE;140.33;NE;138.34;NE;136.35;NE;134.35;NE;132.34;NE;130.34;NE;128.33;NE
88.99;168.68;NW;170.20;NW;171.67;NW;173.11;NW;174.50;NW;175.84;NW;177.13;NW;178.38;NW;179.57;NW;180.72;NW;181.81;NW;182.85;NW;183.84;NW;184.77;NW;185.66;NW;186.49;NW;187.26;NW;187.99;NW;188.67;N;189.29;N;189.87;N;190.40;N;190.88;N;191.31;N;191.70;N;192.05;N;192.35;N;192.61;N;192.83;N;193.01;N;193.15;N;193.26;N;193.32;N;193.35;N;193.33;N;193.29;N;193.20;N;193.07;N;192.91;N;192.70;N;192.46;N;192.17;N;191.84;N;191.47;N;191.05;N;190.59;N;190.07;N;189.52;N;188.91;N;188.25;NE;187.54;NE;186.79;NE;185.98;NE;185.11;NE;184.20;NE;183.23;NE;182.21;NE;181.14;NE;180.01;NE;178.84;NE;177.61;NE;176.33;NE;175.01;NE;173.64;NE;172.22;NE;170.76;NE;169.26;NE;167.71;NE;166.12;NE;164.50;NE;162.84;NE;161.14;NE;159.42;NE;157.66;NE;155.87;NE;154.06;NE;152.22;NE;150.36;NE;148.48;NE;146.58;NE;144.67;NE;142.74;NE;140.79;NE;138.84;NE;136.88;NE;134.91;NE;132.93;NE;130.95;NE;128.97;NE;126.98;NE
90.00;166.89;NW;168.40;NW;169.88;NW;171.31;NW;172.69;NW;174.04;NW;175.33;NW;176.58;NW;177.78;NW;178.93;NW;180.03;NW;181.08;NW;182.08;NW;183.02;NW;183.92;NW;184.76;NW;185.56;NW;186.30;NW;186.99;N;187.64;N;188.23;N;188.77;N;189.27;N;189.72;N;190.13;N;190.49;N;190.80;N;191.08;N;191.31;N;191.50;N;191.65;N;191.75;N;191.82;N;191.85;N;191.84;N;191.78;N;191.69;N;191.56;N;191.39;N;191.17;N;190.91;N;190.61;N;190.27;N;189.88;N;189.45;N;188.97;N;188.44;N;187.87;N;187.24;N;186.57;N;185.84;NE;185.07;NE;184.24;NE;183.37;NE;182.44;NE;181.46;NE;180.43;NE;179.35;NE;178.22;NE;177.04;NE;175.81;NE;174.53;NE;173.21;NE;171.84;NE;170.42;NE;168.96;NE;167.47;NE;165.93;NE;164.35;NE;162.73;NE;161.09;NE;159.40;NE;157.69;NE;155.95;NE;154.18;NE;152.38;NE;150.57;NE;148.72;NE;146.86;NE;144.99;NE;143.09;NE;141.18;NE;139.26;NE;137.33;NE;135.39;NE;133.45;NE;131.50;NE;129.54;NE;127.58;NE;125.62;NE
